DATE,num_uber_trips,STATION,NAME,LATITUDE,LONGITUDE,ELEVATION,AWND,AWND_ATTRIBUTES,PRCP,PRCP_ATTRIBUTES,SNOW,SNOW_ATTRIBUTES,SNWD,SNWD_ATTRIBUTES,TAVG,TAVG_ATTRIBUTES,TMAX,TMAX_ATTRIBUTES,TMIN,TMIN_ATTRIBUTES,WDF2,WDF2_ATTRIBUTES,WDF5,WDF5_ATTRIBUTES,WSF2,WSF2_ATTRIBUTES,WSF5,WSF5_ATTRIBUTES,WT01,WT01_ATTRIBUTES,WT02,WT02_ATTRIBUTES,WT03,WT03_ATTRIBUTES,WT04,WT04_ATTRIBUTES,WT05,WT05_ATTRIBUTES,WT06,WT06_ATTRIBUTES,WT08,WT08_ATTRIBUTES,WT09,WT09_ATTRIBUTES,WT10,WT10_ATTRIBUTES,WT11,WT11_ATTRIBUTES
2014-04-01,14546,USW00094789,"JFK INTERNATIONAL AIRPORT, NY US",40.63915,-73.7639,2.7,10.07,",,W",0.0,",,W,2400",0.0,",,W,",0.0,",,W,",46.0,"H,,S",57.0,",,W",37.0,",,W",190.0,",,W",90.0,",,W",16.1,",,W",25.1,",,W",,,,,,,,,,,,,,,,,,,,
2014-04-02,17474,USW00094789,"JFK INTERNATIONAL AIRPORT, NY US",40.63915,-73.7639,2.7,3.8,",,W",0.03,",,W,2400",0.0,",,W,",0.0,",,W,",43.0,"H,,S",48.0,",,W",38.0,",,W",170.0,",,W",140.0,",,W",10.1,",,W",19.9,",,W",,,,,,,,,,,,,,,,,,,,
2014-04-03,20701,USW00094789,"JFK INTERNATIONAL AIRPORT, NY US",40.63915,-73.7639,2.7,5.82,",,W",0.08,",,W,2400",0.0,",,W,",0.0,",,W,",49.0,"H,,S",63.0,",,W",39.0,",,W",200.0,",,W",10.0,",,W",13.0,",,W",16.1,",,W",,,,,,,,,,,,,,,,,,,,
2014-04-04,26714,USW00094789,"JFK INTERNATIONAL AIRPORT, NY US",40.63915,-73.7639,2.7,13.87,",,W",0.1,",,W,2400",0.0,",,W,",0.0,",,W,",44.0,"H,,S",45.0,",,W",41.0,",,W",100.0,",,W",100.0,",,W",25.9,",,W",32.0,",,W",,,,,,,,,,,,,,,,,,,,
2014-04-05,19521,USW00094789,"JFK INTERNATIONAL AIRPORT, NY US",40.63915,-73.7639,2.7,16.55,",,W",0.0,"T,,W,2400",0.0,",,W,",0.0,",,W,",47.0,"H,,S",57.0,",,W",41.0,",,W",270.0,",,W",270.0,",,W",33.1,",,W",38.9,",,W",1.0,",,W",,,,,,,,,,,,,,,,,,
2014-04-06,13445,USW00094789,"JFK INTERNATIONAL AIRPORT, NY US",40.63915,-73.7639,2.7,10.51,",,W",0.0,",,W,2400",0.0,",,W,",0.0,",,W,",45.0,"H,,S",57.0,",,W",37.0,",,W",310.0,",,W",,,16.1,",,W",,,,,,,,,,,,,,,,,,,,,,
2014-04-07,19550,USW00094789,"JFK INTERNATIONAL AIRPORT, NY US",40.63915,-73.7639,2.7,10.96,",,W",0.35,",,W,2400",0.0,",,W,",0.0,",,W,",44.0,"H,,S",51.0,",,W",37.0,",,W",90.0,",,W",90.0,",,W",25.9,",,W",35.1,",,W",,,,,,,,,,,,,,,,,,,,
2014-04-08,16188,USW00094789,"JFK INTERNATIONAL AIRPORT, NY US",40.63915,-73.7639,2.7,13.65,",,W",0.25,",,W,2400",0.0,",,W,",0.0,",,W,",53.0,"H,,S",66.0,",,W",47.0,",,W",270.0,",,W",290.0,",,W",30.0,",,W",36.9,",,W",,,,,,,,,,,,,,,,,,,,
2014-04-09,16843,USW00094789,"JFK INTERNATIONAL AIRPORT, NY US",40.63915,-73.7639,2.7,15.21,",,W",0.0,",,W,2400",0.0,",,W,",0.0,",,W,",54.0,"H,,S",64.0,",,W",43.0,",,W",310.0,",,W",340.0,",,W",30.0,",,W",36.9,",,W",,,,,,,,,,,,,,,,,,,,
2014-04-10,20041,USW00094789,"JFK INTERNATIONAL AIRPORT, NY US",40.63915,-73.7639,2.7,16.33,",,W",0.0,",,W,2400",0.0,",,W,",0.0,",,W,",48.0,"H,,S",53.0,",,W",38.0,",,W",180.0,",,W",170.0,",,W",29.1,",,W",35.1,",,W",,,,,,,,,,,,,,,,,,,,
2014-04-11,20420,USW00094789,"JFK INTERNATIONAL AIRPORT, NY US",40.63915,-73.7639,2.7,8.72,",,W",0.0,"T,,W,2400",0.0,",,W,",0.0,",,W,",54.0,"H,,S",69.0,",,W",47.0,",,W",190.0,",,W",10.0,",,W",19.9,",,W",23.9,",,W",,,,,,,,,,,,,,,,,,,,
2014-04-12,18170,USW00094789,"JFK INTERNATIONAL AIRPORT, NY US",40.63915,-73.7639,2.7,10.96,",,W",0.0,",,W,2400",0.0,",,W,",0.0,",,W,",59.0,"H,,S",68.0,",,W",49.0,",,W",190.0,",,W",190.0,",,W",19.0,",,W",25.1,",,W",,,,,,,,,,,,,,,,,,,,
2014-04-13,12112,USW00094789,"JFK INTERNATIONAL AIRPORT, NY US",40.63915,-73.7639,2.7,14.99,",,W",0.0,",,W,2400",0.0,",,W,",0.0,",,W,",54.0,"H,,S",65.0,",,W",47.0,",,W",180.0,",,W",180.0,",,W",31.1,",,W",38.0,",,W",,,,,,,,,,,,,,,,,,,,
2014-04-14,12674,USW00094789,"JFK INTERNATIONAL AIRPORT, NY US",40.63915,-73.7639,2.7,22.59,",,W",0.0,",,W,2400",0.0,",,W,",0.0,",,W,",56.0,"H,,S",66.0,",,W",51.0,",,W",180.0,",,W",180.0,",,W",36.0,",,W",47.0,",,W",1.0,",,W",,,,,,,,,,,,,,,,,,
2014-04-15,20641,USW00094789,"JFK INTERNATIONAL AIRPORT, NY US",40.63915,-73.7639,2.7,23.04,",,W",0.65,",,W,2400",0.1,",,W,",0.0,",,W,",54.0,"H,,S",56.0,",,W",34.0,",,W",180.0,",,W",180.0,",,W",33.1,",,W",42.9,",,W",,,,,,,,,,,,,,,,,,,,
2014-04-16,17717,USW00094789,"JFK INTERNATIONAL AIRPORT, NY US",40.63915,-73.7639,2.7,16.33,",,W",0.08,",,W,2400",0.0,"T,,W,",0.0,",,W,",40.0,"H,,S",49.0,",,W",32.0,",,W",330.0,",,W",320.0,",,W",31.1,",,W",36.9,",,W",,,,,,,,,,,,,,,,,,,,
2014-04-17,20973,USW00094789,"JFK INTERNATIONAL AIRPORT, NY US",40.63915,-73.7639,2.7,12.53,",,W",0.0,",,W,2400",0.0,",,W,",0.0,",,W,",42.0,"H,,S",47.0,",,W",35.0,",,W",130.0,",,W",140.0,",,W",21.9,",,W",32.0,",,W",,,,,,,,,,,,,,,,,,,,
2014-04-18,18074,USW00094789,"JFK INTERNATIONAL AIRPORT, NY US",40.63915,-73.7639,2.7,6.71,",,W",0.0,",,W,2400",0.0,",,W,",0.0,",,W,",40.0,"H,,S",46.0,",,W",36.0,",,W",230.0,",,W",,,30.0,",,W",,,,,,,,,,,,,,,,,,,,,,
2014-04-19,14602,USW00094789,"JFK INTERNATIONAL AIRPORT, NY US",40.63915,-73.7639,2.7,9.84,",,W",0.0,",,W,2400",0.0,",,W,",0.0,",,W,",51.0,"H,,S",68.0,",,W",40.0,",,W",10.0,",,W",20.0,",,W",19.9,",,W",25.9,",,W",,,,,,,,,,,,,,,,,,,,
2014-04-20,11017,USW00094789,"JFK INTERNATIONAL AIRPORT, NY US",40.63915,-73.7639,2.7,11.41,",,W",0.0,",,W,2400",0.0,",,W,",0.0,",,W,",51.0,"H,,S",54.0,",,W",42.0,",,W",130.0,",,W",130.0,",,W",21.9,",,W",25.9,",,W",,,,,,,,,,,,,,,,,,,,
2014-04-21,13162,USW00094789,"JFK INTERNATIONAL AIRPORT, NY US",40.63915,-73.7639,2.7,6.26,",,W",0.0,",,W,2400",0.0,",,W,",0.0,",,W,",48.0,"H,,S",58.0,",,W",37.0,",,W",170.0,",,W",150.0,",,W",13.0,",,W",15.0,",,W",,,,,,,,,,,,,,,,,,,,
2014-04-22,16975,USW00094789,"JFK INTERNATIONAL AIRPORT, NY US",40.63915,-73.7639,2.7,8.5,",,W",0.0,"T,,W,2400",0.0,",,W,",0.0,",,W,",52.0,"H,,S",62.0,",,W",45.0,",,W",180.0,",,W",170.0,",,W",23.9,",,W",29.1,",,W",,,,,,,,,,,,,,,,,,,,
2014-04-23,20346,USW00094789,"JFK INTERNATIONAL AIRPORT, NY US",40.63915,-73.7639,2.7,22.59,",,W",0.0,",,W,2400",0.0,",,W,",0.0,",,W,",56.0,"H,,S",63.0,",,W",45.0,",,W",320.0,",,W",330.0,",,W",36.9,",,W",47.0,",,W",,,,,,,,,,,,,,,,,,,,
2014-04-24,23352,USW00094789,"JFK INTERNATIONAL AIRPORT, NY US",40.63915,-73.7639,2.7,21.25,",,W",0.0,",,W,2400",0.0,",,W,",0.0,",,W,",51.0,"H,,S",64.0,",,W",43.0,",,W",320.0,",,W",320.0,",,W",31.1,",,W",40.9,",,W",,,,,,,,,,,,,,,,,,,,
2014-04-25,25095,USW00094789,"JFK INTERNATIONAL AIRPORT, NY US",40.63915,-73.7639,2.7,9.62,",,W",0.0,"T,,W,2400",0.0,",,W,",0.0,",,W,",52.0,"H,,S",59.0,",,W",43.0,",,W",150.0,",,W",150.0,",,W",18.1,",,W",23.0,",,W",,,,,,,,,,,,,,,,,,,,
2014-04-26,24925,USW00094789,"JFK INTERNATIONAL AIRPORT, NY US",40.63915,-73.7639,2.7,10.51,",,W",0.71,",,W,2400",0.0,",,W,",0.0,",,W,",52.0,"H,,S",67.0,",,W",46.0,",,W",350.0,",,W",330.0,",,W",21.9,",,W",25.9,",,W",1.0,",,W",,,,,,,,,,,,,,,,,,
2014-04-27,14677,USW00094789,"JFK INTERNATIONAL AIRPORT, NY US",40.63915,-73.7639,2.7,13.87,",,W",0.0,",,W,2400",0.0,",,W,",0.0,",,W,",52.0,"H,,S",61.0,",,W",46.0,",,W",340.0,",,W",320.0,",,W",23.0,",,W",31.1,",,W",,,,,,,,,,,,,,,,,,,,
2014-04-28,15475,USW00094789,"JFK INTERNATIONAL AIRPORT, NY US",40.63915,-73.7639,2.7,10.29,",,W",0.0,",,W,2400",0.0,",,W,",0.0,",,W,",54.0,"H,,S",66.0,",,W",45.0,",,W",200.0,",,W",200.0,",,W",21.9,",,W",25.1,",,W",,,,,,,,,,,,,,,,,,,,
2014-04-29,22835,USW00094789,"JFK INTERNATIONAL AIRPORT, NY US",40.63915,-73.7639,2.7,19.91,",,W",0.05,",,W,2400",0.0,",,W,",0.0,",,W,",49.0,"H,,S",51.0,",,W",44.0,",,W",100.0,",,W",100.0,",,W",31.1,",,W",38.9,",,W",,,,,,,,,,,,,,,,,,,,
2014-04-30,36251,USW00094789,"JFK INTERNATIONAL AIRPORT, NY US",40.63915,-73.7639,2.7,19.01,",,W",4.68,",,W,2400",0.0,",,W,",0.0,",,W,",45.0,"H,,S",56.0,",,W",42.0,",,W",100.0,",,W",100.0,",,W",31.1,",,W",38.9,",,W",1.0,",,W",,,,,,,,,,,,,,,,,,
2014-05-01,23375,USW00094789,"JFK INTERNATIONAL AIRPORT, NY US",40.63915,-73.7639,2.7,13.2,",,W",0.24,",,W,2400",0.0,",,W,",0.0,",,W,",57.0,"H,,S",71.0,",,W",53.0,",,W",180.0,",,W",170.0,",,W",23.0,",,W",30.0,",,W",,,,,,,,,,,,,,,,,,,,
2014-05-02,24235,USW00094789,"JFK INTERNATIONAL AIRPORT, NY US",40.63915,-73.7639,2.7,11.41,",,W",0.01,",,W,2400",0.0,",,W,",0.0,",,W,",61.0,"H,,S",69.0,",,W",52.0,",,W",250.0,",,W",260.0,",,W",23.9,",,W",28.0,",,W",,,,,,,,,,,,,,,,,,,,
2014-05-03,22234,USW00094789,"JFK INTERNATIONAL AIRPORT, NY US",40.63915,-73.7639,2.7,10.07,",,W",0.0,"T,,W,2400",0.0,",,W,",0.0,",,W,",59.0,"H,,S",66.0,",,W",49.0,",,W",180.0,",,W",190.0,",,W",23.0,",,W",28.0,",,W",,,,,,,,,,,,,,,,,,,,
2014-05-04,13918,USW00094789,"JFK INTERNATIONAL AIRPORT, NY US",40.63915,-73.7639,2.7,18.57,",,W",0.0,"T,,W,2400",0.0,",,W,",0.0,",,W,",58.0,"H,,S",66.0,",,W",53.0,",,W",310.0,",,W",290.0,",,W",32.0,",,W",44.1,",,W",,,,,,,,,,,,,,,,,,,,
2014-05-05,17859,USW00094789,"JFK INTERNATIONAL AIRPORT, NY US",40.63915,-73.7639,2.7,16.55,",,W",0.0,",,W,2400",0.0,",,W,",0.0,",,W,",59.0,"H,,S",69.0,",,W",50.0,",,W",310.0,",,W",310.0,",,W",33.1,",,W",42.9,",,W",,,,,,,,,,,,,,,,,,,,
2014-05-06,19300,USW00094789,"JFK INTERNATIONAL AIRPORT, NY US",40.63915,-73.7639,2.7,10.51,",,W",0.0,",,W,2400",0.0,",,W,",0.0,",,W,",60.0,"H,,S",69.0,",,W",50.0,",,W",330.0,",,W",330.0,",,W",21.9,",,W",29.1,",,W",,,,,,,,,,,,,,,,,,,,
2014-05-07,21891,USW00094789,"JFK INTERNATIONAL AIRPORT, NY US",40.63915,-73.7639,2.7,9.62,",,W",0.0,",,W,2400",0.0,",,W,",0.0,",,W,",58.0,"H,,S",64.0,",,W",50.0,",,W",200.0,",,W",190.0,",,W",19.9,",,W",23.0,",,W",,,,,,,,,,,,,,,,,,,,
2014-05-08,27513,USW00094789,"JFK INTERNATIONAL AIRPORT, NY US",40.63915,-73.7639,2.7,4.92,",,W",0.38,",,W,2400",0.0,",,W,",0.0,",,W,",55.0,"H,,S",58.0,",,W",51.0,",,W",170.0,",,W",90.0,",,W",12.1,",,W",16.1,",,W",1.0,",,W",,,,,,,,,,,,,,,,,,
2014-05-09,26385,USW00094789,"JFK INTERNATIONAL AIRPORT, NY US",40.63915,-73.7639,2.7,8.72,",,W",0.04,",,W,2400",0.0,",,W,",0.0,",,W,",58.0,"H,,S",63.0,",,W",56.0,",,W",120.0,",,W",120.0,",,W",15.0,",,W",18.1,",,W",,,,,,,,,,,,,,,,,,,,
2014-05-10,22550,USW00094789,"JFK INTERNATIONAL AIRPORT, NY US",40.63915,-73.7639,2.7,8.95,",,W",0.79,",,W,2400",0.0,",,W,",0.0,",,W,",63.0,"H,,S",77.0,",,W",54.0,",,W",290.0,",,W",290.0,",,W",32.0,",,W",38.9,",,W",,,,,,,,,,,,,,,,,,,,
2014-05-11,14901,USW00094789,"JFK INTERNATIONAL AIRPORT, NY US",40.63915,-73.7639,2.7,9.4,",,W",0.02,",,W,2400",0.0,",,W,",0.0,",,W,",69.0,"H,,S",79.0,",,W",61.0,",,W",190.0,",,W",190.0,",,W",21.0,",,W",23.9,",,W",1.0,",,W",,,,,,,,,,,,,,,,,,
2014-05-12,17470,USW00094789,"JFK INTERNATIONAL AIRPORT, NY US",40.63915,-73.7639,2.7,8.5,",,W",0.0,",,W,2400",0.0,",,W,",0.0,",,W,",66.0,"H,,S",76.0,",,W",56.0,",,W",190.0,",,W",190.0,",,W",21.9,",,W",29.1,",,W",,,,,,,,,,,,,,,,,,,,
2014-05-13,19498,USW00094789,"JFK INTERNATIONAL AIRPORT, NY US",40.63915,-73.7639,2.7,11.63,",,W",0.0,",,W,2400",0.0,",,W,",0.0,",,W,",64.0,"H,,S",70.0,",,W",51.0,",,W",100.0,",,W",100.0,",,W",23.0,",,W",29.1,",,W",1.0,",,W",,,,,,,,,,,,,,,,,,
2014-05-14,22218,USW00094789,"JFK INTERNATIONAL AIRPORT, NY US",40.63915,-73.7639,2.7,7.61,",,W",0.0,"T,,W,2400",0.0,",,W,",0.0,",,W,",56.0,"H,,S",64.0,",,W",50.0,",,W",100.0,",,W",100.0,",,W",14.1,",,W",16.1,",,W",1.0,",,W",,,,,,,,,,,,,,,,,,
2014-05-15,26301,USW00094789,"JFK INTERNATIONAL AIRPORT, NY US",40.63915,-73.7639,2.7,14.99,",,W",0.14,",,W,2400",0.0,",,W,",0.0,",,W,",63.0,"H,,S",71.0,",,W",60.0,",,W",150.0,",,W",150.0,",,W",23.9,",,W",30.0,",,W",,,,,,,,,,,,,,,,,,,,
2014-05-16,32493,USW00094789,"JFK INTERNATIONAL AIRPORT, NY US",40.63915,-73.7639,2.7,20.58,",,W",1.26,",,W,2400",0.0,",,W,",0.0,",,W,",64.0,"H,,S",66.0,",,W",60.0,",,W",150.0,",,W",150.0,",,W",33.1,",,W",44.1,",,W",1.0,",,W",,,,,,,,,,,,,,,,,,
2014-05-17,22294,USW00094789,"JFK INTERNATIONAL AIRPORT, NY US",40.63915,-73.7639,2.7,10.51,",,W",0.0,"T,,W,2400",0.0,",,W,",0.0,",,W,",62.0,"H,,S",70.0,",,W",55.0,",,W",240.0,",,W",230.0,",,W",21.9,",,W",25.9,",,W",,,,,,,,,,,,,,,,,,,,
2014-05-18,16508,USW00094789,"JFK INTERNATIONAL AIRPORT, NY US",40.63915,-73.7639,2.7,10.29,",,W",0.0,",,W,2400",0.0,",,W,",0.0,",,W,",61.0,"H,,S",69.0,",,W",52.0,",,W",330.0,",,W",330.0,",,W",19.9,",,W",25.9,",,W",,,,,,,,,,,,,,,,,,,,
2014-05-19,18315,USW00094789,"JFK INTERNATIONAL AIRPORT, NY US",40.63915,-73.7639,2.7,11.18,",,W",0.0,",,W,2400",0.0,",,W,",0.0,",,W,",62.0,"H,,S",74.0,",,W",50.0,",,W",310.0,",,W",320.0,",,W",25.9,",,W",36.9,",,W",,,,,,,,,,,,,,,,,,,,
2014-05-20,20860,USW00094789,"JFK INTERNATIONAL AIRPORT, NY US",40.63915,-73.7639,2.7,10.74,",,W",0.0,",,W,2400",0.0,",,W,",0.0,",,W,",66.0,"H,,S",79.0,",,W",55.0,",,W",190.0,",,W",350.0,",,W",21.9,",,W",30.0,",,W",,,,,,,,,,,,,,,,,,,,
2014-05-21,23508,USW00094789,"JFK INTERNATIONAL AIRPORT, NY US",40.63915,-73.7639,2.7,7.83,",,W",0.0,",,W,2400",0.0,",,W,",0.0,",,W,",69.0,"H,,S",75.0,",,W",60.0,",,W",190.0,",,W",260.0,",,W",14.1,",,W",17.0,",,W",,,,,,,,,,,,,,,,,,,,
2014-05-22,26802,USW00094789,"JFK INTERNATIONAL AIRPORT, NY US",40.63915,-73.7639,2.7,6.93,",,W",0.32,",,W,2400",0.0,",,W,",0.0,",,W,",60.0,"H,,S",62.0,",,W",58.0,",,W",90.0,",,W",100.0,",,W",15.0,",,W",17.0,",,W",,,,,,,,,,,,,,,,,,,,
2014-05-23,26465,USW00094789,"JFK INTERNATIONAL AIRPORT, NY US",40.63915,-73.7639,2.7,6.49,",,W",0.32,",,W,2400",0.0,",,W,",0.0,",,W,",62.0,"H,,S",69.0,",,W",57.0,",,W",320.0,",,W",320.0,",,W",19.9,",,W",23.9,",,W",,,,,,,,,,,,,,,,,,,,
2014-05-24,14651,USW00094789,"JFK INTERNATIONAL AIRPORT, NY US",40.63915,-73.7639,2.7,8.28,",,W",0.05,",,W,2400",0.0,",,W,",0.0,",,W,",61.0,"H,,S",70.0,",,W",57.0,",,W",330.0,",,W",10.0,",,W",16.1,",,W",23.0,",,W",1.0,",,W",,,,,,,,,,,,,,,,,,
2014-05-25,10841,USW00094789,"JFK INTERNATIONAL AIRPORT, NY US",40.63915,-73.7639,2.7,9.17,",,W",0.0,",,W,2400",0.0,",,W,",0.0,",,W,",65.0,"H,,S",78.0,",,W",56.0,",,W",190.0,",,W",190.0,",,W",21.0,",,W",23.9,",,W",,,,,,,,,,,,,,,,,,,,
2014-05-26,10202,USW00094789,"JFK INTERNATIONAL AIRPORT, NY US",40.63915,-73.7639,2.7,12.53,",,W",0.0,",,W,2400",0.0,",,W,",0.0,",,W,",71.0,"H,,S",85.0,",,W",60.0,",,W",230.0,",,W",240.0,",,W",23.0,",,W",25.9,",,W",,,,,,,,,,,,,,,,,,,,
2014-05-27,17004,USW00094789,"JFK INTERNATIONAL AIRPORT, NY US",40.63915,-73.7639,2.7,9.4,",,W",0.0,"T,,W,2400",0.0,",,W,",0.0,",,W,",75.0,"H,,S",84.0,",,W",64.0,",,W",270.0,",,W",270.0,",,W",21.9,",,W",30.0,",,W",,,,,,,,,,,,,,,,,,,,
2014-05-28,22240,USW00094789,"JFK INTERNATIONAL AIRPORT, NY US",40.63915,-73.7639,2.7,11.41,",,W",0.0,"T,,W,2400",0.0,",,W,",0.0,",,W,",63.0,"H,,S",67.0,",,W",53.0,",,W",50.0,",,W",40.0,",,W",19.9,",,W",25.1,",,W",,,,,,,,,,,,,,,,,,,,
2014-05-29,24930,USW00094789,"JFK INTERNATIONAL AIRPORT, NY US",40.63915,-73.7639,2.7,8.05,",,W",0.0,",,W,2400",0.0,",,W,",0.0,",,W,",56.0,"H,,S",62.0,",,W",52.0,",,W",150.0,",,W",50.0,",,W",15.0,",,W",19.9,",,W",,,,,,,,,,,,,,,,,,,,
2014-05-30,24413,USW00094789,"JFK INTERNATIONAL AIRPORT, NY US",40.63915,-73.7639,2.7,7.38,",,W",0.03,",,W,2400",0.0,",,W,",0.0,",,W,",61.0,"H,,S",70.0,",,W",53.0,",,W",190.0,",,W",190.0,",,W",19.9,",,W",23.0,",,W",,,,,,,,,,,,,,,,,,,,
2014-05-31,21261,USW00094789,"JFK INTERNATIONAL AIRPORT, NY US",40.63915,-73.7639,2.7,10.96,",,W",0.0,"T,,W,2400",0.0,",,W,",0.0,",,W,",63.0,"H,,S",72.0,",,W",55.0,",,W",360.0,",,W",340.0,",,W",25.9,",,W",32.0,",,W",,,,,,,,,,,,,,,,,,,,
2014-06-01,15967,USW00094789,"JFK INTERNATIONAL AIRPORT, NY US",40.63915,-73.7639,2.7,8.28,",,W",0.0,",,W,2400",0.0,",,W,",0.0,",,W,",64.0,"H,,S",75.0,",,W",54.0,",,W",190.0,",,W",200.0,",,W",14.1,",,W",16.1,",,W",,,,,,,,,,,,,,,,,,,,
2014-06-02,17503,USW00094789,"JFK INTERNATIONAL AIRPORT, NY US",40.63915,-73.7639,2.7,10.29,",,W",0.0,",,W,2400",0.0,",,W,",0.0,",,W,",66.0,"H,,S",74.0,",,W",57.0,",,W",180.0,",,W",180.0,",,W",21.9,",,W",25.9,",,W",,,,,,,,,,,,,,,,,,,,
2014-06-03,22674,USW00094789,"JFK INTERNATIONAL AIRPORT, NY US",40.63915,-73.7639,2.7,7.61,",,W",0.0,"T,,W,2400",0.0,",,W,",0.0,",,W,",69.0,"H,,S",80.0,",,W",62.0,",,W",180.0,",,W",160.0,",,W",16.1,",,W",17.0,",,W",,,,,,,,,,,,,,,,,,,,
2014-06-04,22831,USW00094789,"JFK INTERNATIONAL AIRPORT, NY US",40.63915,-73.7639,2.7,7.38,",,W",0.0,"T,,W,2400",0.0,",,W,",0.0,",,W,",69.0,"H,,S",82.0,",,W",63.0,",,W",190.0,",,W",,,13.0,",,W",,,,,,,,,,,,,,,,,,,,,,
2014-06-05,28371,USW00094789,"JFK INTERNATIONAL AIRPORT, NY US",40.63915,-73.7639,2.7,12.3,",,W",0.5,",,W,2400",0.0,",,W,",0.0,",,W,",67.0,"H,,S",77.0,",,W",62.0,",,W",30.0,",,W",40.0,",,W",23.0,",,W",31.1,",,W",1.0,",,W",,,,,,,,,,,,,,,,,,
2014-06-06,24683,USW00094789,"JFK INTERNATIONAL AIRPORT, NY US",40.63915,-73.7639,2.7,12.97,",,W",0.0,",,W,2400",0.0,",,W,",0.0,",,W,",70.0,"H,,S",79.0,",,W",63.0,",,W",320.0,",,W",340.0,",,W",21.0,",,W",21.9,",,W",,,,,,,,,,,,,,,,,,,,
2014-06-07,20889,USW00094789,"JFK INTERNATIONAL AIRPORT, NY US",40.63915,-73.7639,2.7,8.28,",,W",0.0,",,W,2400",0.0,",,W,",0.0,",,W,",72.0,"H,,S",80.0,",,W",61.0,",,W",340.0,",,W",,,16.1,",,W",,,,,,,,,,,,,,,,,,,,,,
2014-06-08,15749,USW00094789,"JFK INTERNATIONAL AIRPORT, NY US",40.63915,-73.7639,2.7,6.26,",,W",0.0,",,W,2400",0.0,",,W,",0.0,",,W,",72.0,"H,,S",85.0,",,W",61.0,",,W",180.0,",,W",180.0,",,W",17.0,",,W",17.0,",,W",,,,,,,,,,,,,,,,,,,,
2014-06-09,23244,USW00094789,"JFK INTERNATIONAL AIRPORT, NY US",40.63915,-73.7639,2.7,6.04,",,W",0.95,",,W,2400",0.0,",,W,",0.0,",,W,",67.0,"H,,S",68.0,",,W",63.0,",,W",130.0,",,W",130.0,",,W",14.1,",,W",18.1,",,W",,,,,,,,,,,,,,,,,,,,
2014-06-10,22874,USW00094789,"JFK INTERNATIONAL AIRPORT, NY US",40.63915,-73.7639,2.7,4.92,",,W",0.0,",,W,2400",0.0,",,W,",0.0,",,W,",70.0,"H,,S",78.0,",,W",67.0,",,W",100.0,",,W",20.0,",,W",12.1,",,W",23.0,",,W",,,,,,,,,,,,,,,,,,,,
2014-06-11,25716,USW00094789,"JFK INTERNATIONAL AIRPORT, NY US",40.63915,-73.7639,2.7,12.08,",,W",0.0,"T,,W,2400",0.0,",,W,",0.0,",,W,",68.0,"H,,S",70.0,",,W",61.0,",,W",100.0,",,W",100.0,",,W",19.9,",,W",25.1,",,W",1.0,",,W",,,,,,,,,,,,,,,,,,
2014-06-12,29844,USW00094789,"JFK INTERNATIONAL AIRPORT, NY US",40.63915,-73.7639,2.7,10.51,",,W",0.01,",,W,2400",0.0,",,W,",0.0,",,W,",66.0,"H,,S",76.0,",,W",61.0,",,W",120.0,",,W",110.0,",,W",21.0,",,W",25.1,",,W",1.0,",,W",,,,,,,,,,,,,,,,,,
2014-06-13,31207,USW00094789,"JFK INTERNATIONAL AIRPORT, NY US",40.63915,-73.7639,2.7,7.61,",,W",0.99,",,W,2400",0.0,",,W,",0.0,",,W,",70.0,"H,,S",81.0,",,W",67.0,",,W",260.0,",,W",260.0,",,W",21.0,",,W",28.0,",,W",,,,,,,,,,,,,,,,,,,,
2014-06-14,19327,USW00094789,"JFK INTERNATIONAL AIRPORT, NY US",40.63915,-73.7639,2.7,12.53,",,W",0.0,",,W,2400",0.0,",,W,",0.0,",,W,",71.0,"H,,S",79.0,",,W",62.0,",,W",330.0,",,W",310.0,",,W",28.0,",,W",35.1,",,W",1.0,",,W",,,,,,,,,,,,,,,,,,
2014-06-15,14511,USW00094789,"JFK INTERNATIONAL AIRPORT, NY US",40.63915,-73.7639,2.7,11.63,",,W",0.0,",,W,2400",0.0,",,W,",0.0,",,W,",69.0,"H,,S",82.0,",,W",60.0,",,W",330.0,",,W",330.0,",,W",21.9,",,W",25.9,",,W",,,,,,,,,,,,,,,,,,,,
2014-06-16,17778,USW00094789,"JFK INTERNATIONAL AIRPORT, NY US",40.63915,-73.7639,2.7,7.61,",,W",0.0,",,W,2400",0.0,",,W,",0.0,",,W,",72.0,"H,,S",77.0,",,W",64.0,",,W",170.0,",,W",170.0,",,W",14.1,",,W",17.0,",,W",,,,,,,,,,,,,,,,,,,,
2014-06-17,21807,USW00094789,"JFK INTERNATIONAL AIRPORT, NY US",40.63915,-73.7639,2.7,8.05,",,W",0.0,"T,,W,2400",0.0,",,W,",0.0,",,W,",73.0,"H,,S",82.0,",,W",68.0,",,W",180.0,",,W",180.0,",,W",18.1,",,W",21.9,",,W",,,,,,,,,,,,,,,,,,,,
2014-06-18,24647,USW00094789,"JFK INTERNATIONAL AIRPORT, NY US",40.63915,-73.7639,2.7,11.86,",,W",0.0,",,W,2400",0.0,",,W,",0.0,",,W,",82.0,"H,,S",91.0,",,W",74.0,",,W",300.0,",,W",300.0,",,W",28.0,",,W",36.0,",,W",,,,,,,,,,,,,,,,,,,,
2014-06-19,28594,USW00094789,"JFK INTERNATIONAL AIRPORT, NY US",40.63915,-73.7639,2.7,8.28,",,W",0.05,",,W,2400",0.0,",,W,",0.0,",,W,",75.0,"H,,S",76.0,",,W",69.0,",,W",360.0,",,W",10.0,",,W",23.0,",,W",25.9,",,W",,,,,,,,,,,,,,,,,,,,
2014-06-20,24271,USW00094789,"JFK INTERNATIONAL AIRPORT, NY US",40.63915,-73.7639,2.7,10.96,",,W",0.0,",,W,2400",0.0,",,W,",0.0,",,W,",74.0,"H,,S",83.0,",,W",65.0,",,W",340.0,",,W",350.0,",,W",18.1,",,W",23.9,",,W",,,,,,,,,,,,,,,,,,,,
2014-06-21,19940,USW00094789,"JFK INTERNATIONAL AIRPORT, NY US",40.63915,-73.7639,2.7,8.28,",,W",0.0,",,W,2400",0.0,",,W,",0.0,",,W,",71.0,"H,,S",75.0,",,W",62.0,",,W",30.0,",,W",30.0,",,W",15.0,",,W",18.1,",,W",,,,,,,,,,,,,1.0,",,W",,,,,,
2014-06-22,16322,USW00094789,"JFK INTERNATIONAL AIRPORT, NY US",40.63915,-73.7639,2.7,6.04,",,W",0.0,",,W,2400",0.0,",,W,",0.0,",,W,",69.0,"H,,S",77.0,",,W",61.0,",,W",160.0,",,W",150.0,",,W",14.1,",,W",17.0,",,W",,,,,,,,,,,,,,,,,,,,
2014-06-23,17735,USW00094789,"JFK INTERNATIONAL AIRPORT, NY US",40.63915,-73.7639,2.7,8.5,",,W",0.0,",,W,2400",0.0,",,W,",0.0,",,W,",71.0,"H,,S",81.0,",,W",62.0,",,W",170.0,",,W",170.0,",,W",19.9,",,W",21.9,",,W",,,,,,,,,,,,,,,,,,,,
2014-06-24,20779,USW00094789,"JFK INTERNATIONAL AIRPORT, NY US",40.63915,-73.7639,2.7,14.32,",,W",0.0,",,W,2400",0.0,",,W,",0.0,",,W,",71.0,"H,,S",79.0,",,W",65.0,",,W",170.0,",,W",180.0,",,W",29.1,",,W",33.1,",,W",,,,,,,,,,,,,,,,,,,,
2014-06-25,26460,USW00094789,"JFK INTERNATIONAL AIRPORT, NY US",40.63915,-73.7639,2.7,12.53,",,W",0.09,",,W,2400",0.0,",,W,",0.0,",,W,",73.0,"H,,S",83.0,",,W",68.0,",,W",170.0,",,W",180.0,",,W",23.9,",,W",31.1,",,W",1.0,",,W",,,,,,,,,,,,,,,,,,
2014-06-26,28516,USW00094789,"JFK INTERNATIONAL AIRPORT, NY US",40.63915,-73.7639,2.7,8.5,",,W",0.02,",,W,2400",0.0,",,W,",0.0,",,W,",78.0,"H,,S",89.0,",,W",70.0,",,W",90.0,",,W",30.0,",,W",18.1,",,W",23.9,",,W",1.0,",,W",,,,,,,,,,,,,,,,,,
2014-06-27,24895,USW00094789,"JFK INTERNATIONAL AIRPORT, NY US",40.63915,-73.7639,2.7,7.83,",,W",0.0,",,W,2400",0.0,",,W,",0.0,",,W,",74.0,"H,,S",79.0,",,W",65.0,",,W",90.0,",,W",90.0,",,W",17.0,",,W",21.9,",,W",,,,,,,,,,,,,,,,,,,,
2014-06-28,21208,USW00094789,"JFK INTERNATIONAL AIRPORT, NY US",40.63915,-73.7639,2.7,8.5,",,W",0.0,",,W,2400",0.0,",,W,",0.0,",,W,",74.0,"H,,S",86.0,",,W",66.0,",,W",140.0,",,W",180.0,",,W",16.1,",,W",19.9,",,W",,,,,,,,,,,,,,,,,,,,
2014-06-29,17107,USW00094789,"JFK INTERNATIONAL AIRPORT, NY US",40.63915,-73.7639,2.7,9.17,",,W",0.0,",,W,2400",0.0,",,W,",0.0,",,W,",73.0,"H,,S",79.0,",,W",65.0,",,W",170.0,",,W",250.0,",,W",19.9,",,W",25.9,",,W",,,,,,,,,,,,,,,,,,,,
2014-06-30,18395,USW00094789,"JFK INTERNATIONAL AIRPORT, NY US",40.63915,-73.7639,2.7,12.97,",,W",0.0,",,W,2400",0.0,",,W,",0.0,",,W,",73.0,"H,,S",80.0,",,W",67.0,",,W",180.0,",,W",170.0,",,W",23.9,",,W",29.1,",,W",,,,,,,,,,,,,,,,,,,,
2014-07-01,21228,USW00094789,"JFK INTERNATIONAL AIRPORT, NY US",40.63915,-73.7639,2.7,14.99,",,W",0.0,",,W,2400",0.0,",,W,",0.0,",,W,",76.0,"H,,S",84.0,",,W",71.0,",,W",180.0,",,W",180.0,",,W",30.0,",,W",38.0,",,W",,,,,,,,,,,,,,,,,,,,
2014-07-02,26480,USW00094789,"JFK INTERNATIONAL AIRPORT, NY US",40.63915,-73.7639,2.7,11.86,",,W",0.52,",,W,2400",0.0,",,W,",0.0,",,W,",77.0,"H,,S",85.0,",,W",71.0,",,W",180.0,",,W",180.0,",,W",30.0,",,W",36.9,",,W",,,,,,,,,,,,,,,,,,,,
2014-07-03,21597,USW00094789,"JFK INTERNATIONAL AIRPORT, NY US",40.63915,-73.7639,2.7,8.72,",,W",0.35,",,W,2400",0.0,",,W,",0.0,",,W,",77.0,"H,,S",85.0,",,W",71.0,",,W",190.0,",,W",190.0,",,W",28.0,",,W",35.1,",,W",,,,,,,,,,,,,,,,,,,,
2014-07-04,14148,USW00094789,"JFK INTERNATIONAL AIRPORT, NY US",40.63915,-73.7639,2.7,14.99,",,W",0.32,",,W,2400",0.0,",,W,",0.0,",,W,",72.0,"H,,S",76.0,",,W",66.0,",,W",360.0,",,W",360.0,",,W",31.1,",,W",40.9,",,W",,,,,,,,,,,,,,,,,,,,
2014-07-05,10890,USW00094789,"JFK INTERNATIONAL AIRPORT, NY US",40.63915,-73.7639,2.7,13.65,",,W",0.0,",,W,2400",0.0,",,W,",0.0,",,W,",73.0,"H,,S",84.0,",,W",65.0,",,W",310.0,",,W",300.0,",,W",25.1,",,W",31.1,",,W",,,,,,,,,,,,,,,,,,,,
2014-07-06,11443,USW00094789,"JFK INTERNATIONAL AIRPORT, NY US",40.63915,-73.7639,2.7,12.75,",,W",0.0,",,W,2400",0.0,",,W,",0.0,",,W,",75.0,"H,,S",83.0,",,W",66.0,",,W",190.0,",,W",190.0,",,W",23.0,",,W",29.1,",,W",,,,,,,,,,,,,,,,,,,,
2014-07-07,18280,USW00094789,"JFK INTERNATIONAL AIRPORT, NY US",40.63915,-73.7639,2.7,12.3,",,W",0.0,",,W,2400",0.0,",,W,",0.0,",,W,",76.0,"H,,S",83.0,",,W",70.0,",,W",190.0,",,W",190.0,",,W",21.0,",,W",25.1,",,W",,,,,,,,,,,,,,,,,,,,
2014-07-08,25763,USW00094789,"JFK INTERNATIONAL AIRPORT, NY US",40.63915,-73.7639,2.7,14.54,",,W",0.0,"T,,W,2400",0.0,",,W,",0.0,",,W,",79.0,"H,,S",88.0,",,W",72.0,",,W",240.0,",,W",230.0,",,W",32.0,",,W",45.0,",,W",,,,,,,,,,,,,,,,,,,,
2014-07-09,27817,USW00094789,"JFK INTERNATIONAL AIRPORT, NY US",40.63915,-73.7639,2.7,11.63,",,W",0.01,",,W,2400",0.0,",,W,",0.0,",,W,",76.0,"H,,S",84.0,",,W",71.0,",,W",190.0,",,W",190.0,",,W",21.9,",,W",28.0,",,W",,,,,1.0,",,W",,,,,,,,,,,,,,
2014-07-10,30541,USW00094789,"JFK INTERNATIONAL AIRPORT, NY US",40.63915,-73.7639,2.7,6.26,",,W",0.03,",,W,2400",0.0,",,W,",0.0,",,W,",76.0,"H,,S",85.0,",,W",71.0,",,W",40.0,",,W",20.0,",,W",15.0,",,W",18.1,",,W",,,,,1.0,",,W",,,,,,,,,,,,,,
2014-07-11,28752,USW00094789,"JFK INTERNATIONAL AIRPORT, NY US",40.63915,-73.7639,2.7,7.16,",,W",0.0,",,W,2400",0.0,",,W,",0.0,",,W,",76.0,"H,,S",85.0,",,W",67.0,",,W",30.0,",,W",40.0,",,W",15.0,",,W",21.9,",,W",,,,,,,,,,,,,,,,,,,,
2014-07-12,25936,USW00094789,"JFK INTERNATIONAL AIRPORT, NY US",40.63915,-73.7639,2.7,9.62,",,W",0.0,",,W,2400",0.0,",,W,",0.0,",,W,",73.0,"H,,S",82.0,",,W",66.0,",,W",180.0,",,W",170.0,",,W",19.9,",,W",25.1,",,W",,,,,,,,,,,,,,,,,,,,
2014-07-13,21082,USW00094789,"JFK INTERNATIONAL AIRPORT, NY US",40.63915,-73.7639,2.7,16.11,",,W",0.06,",,W,2400",0.0,",,W,",0.0,",,W,",73.0,"H,,S",80.0,",,W",69.0,",,W",180.0,",,W",190.0,",,W",29.1,",,W",36.9,",,W",,,,,,,,,,,,,,,,,,,,
2014-07-14,27350,USW00094789,"JFK INTERNATIONAL AIRPORT, NY US",40.63915,-73.7639,2.7,6.71,",,W",1.87,",,W,2400",0.0,",,W,",0.0,",,W,",76.0,"H,,S",83.0,",,W",70.0,",,W",170.0,",,W",160.0,",,W",21.0,",,W",25.1,",,W",,,,,,,,,,,,,,,,,,,,
2014-07-15,33845,USW00094789,"JFK INTERNATIONAL AIRPORT, NY US",40.63915,-73.7639,2.7,6.93,",,W",1.03,",,W,2400",0.0,",,W,",0.0,",,W,",74.0,"H,,S",82.0,",,W",69.0,",,W",200.0,",,W",200.0,",,W",17.0,",,W",21.9,",,W",,,,,,,,,,,,,,,,,,,,
2014-07-16,28607,USW00094789,"JFK INTERNATIONAL AIRPORT, NY US",40.63915,-73.7639,2.7,8.5,",,W",0.01,",,W,2400",0.0,",,W,",0.0,",,W,",74.0,"H,,S",83.0,",,W",70.0,",,W",350.0,",,W",330.0,",,W",18.1,",,W",23.0,",,W",1.0,",,W",,,,,,,,,,,,,,,,,,
2014-07-17,30710,USW00094789,"JFK INTERNATIONAL AIRPORT, NY US",40.63915,-73.7639,2.7,8.95,",,W",0.0,",,W,2400",0.0,",,W,",0.0,",,W,",75.0,"H,,S",82.0,",,W",67.0,",,W",190.0,",,W",200.0,",,W",15.0,",,W",19.9,",,W",,,,,,,,,,,,,,,,,,,,
2014-07-18,29860,USW00094789,"JFK INTERNATIONAL AIRPORT, NY US",40.63915,-73.7639,2.7,6.71,",,W",0.0,",,W,2400",0.0,",,W,",0.0,",,W,",74.0,"H,,S",84.0,",,W",65.0,",,W",330.0,",,W",320.0,",,W",16.1,",,W",23.9,",,W",,,,,,,,,,,,,,,,,,,,
2014-07-19,25726,USW00094789,"JFK INTERNATIONAL AIRPORT, NY US",40.63915,-73.7639,2.7,6.71,",,W",0.0,",,W,2400",0.0,",,W,",0.0,",,W,",73.0,"H,,S",79.0,",,W",68.0,",,W",360.0,",,W",340.0,",,W",15.0,",,W",25.1,",,W",,,,,,,,,,,,,,,,,,,,
2014-07-20,21212,USW00094789,"JFK INTERNATIONAL AIRPORT, NY US",40.63915,-73.7639,2.7,8.72,",,W",0.0,"T,,W,2400",0.0,",,W,",0.0,",,W,",72.0,"H,,S",78.0,",,W",68.0,",,W",120.0,",,W",120.0,",,W",19.9,",,W",23.0,",,W",,,,,,,,,,,,,,,,,,,,
2014-07-21,23578,USW00094789,"JFK INTERNATIONAL AIRPORT, NY US",40.63915,-73.7639,2.7,6.71,",,W",0.0,",,W,2400",0.0,",,W,",0.0,",,W,",73.0,"H,,S",83.0,",,W",65.0,",,W",170.0,",,W",70.0,",,W",14.1,",,W",21.9,",,W",,,,,,,,,,,,,,,,,,,,
2014-07-22,29029,USW00094789,"JFK INTERNATIONAL AIRPORT, NY US",40.63915,-73.7639,2.7,12.53,",,W",0.0,",,W,2400",0.0,",,W,",0.0,",,W,",75.0,"H,,S",84.0,",,W",68.0,",,W",320.0,",,W",320.0,",,W",25.1,",,W",33.1,",,W",,,,,,,,,,,,,,,,,,,,
2014-07-23,34073,USW00094789,"JFK INTERNATIONAL AIRPORT, NY US",40.63915,-73.7639,2.7,13.42,",,W",0.02,",,W,2400",0.0,",,W,",0.0,",,W,",77.0,"H,,S",83.0,",,W",71.0,",,W",190.0,",,W",190.0,",,W",28.0,",,W",35.1,",,W",,,,,1.0,",,W",,,,,,,,,,,,,,
2014-07-24,32050,USW00094789,"JFK INTERNATIONAL AIRPORT, NY US",40.63915,-73.7639,2.7,10.51,",,W",0.0,",,W,2400",0.0,",,W,",0.0,",,W,",78.0,"H,,S",83.0,",,W",72.0,",,W",350.0,",,W",360.0,",,W",19.9,",,W",25.9,",,W",,,,,,,,,,,,,,,,,,,,
2014-07-25,29975,USW00094789,"JFK INTERNATIONAL AIRPORT, NY US",40.63915,-73.7639,2.7,10.07,",,W",0.0,",,W,2400",0.0,",,W,",0.0,",,W,",75.0,"H,,S",83.0,",,W",67.0,",,W",170.0,",,W",10.0,",,W",16.1,",,W",21.0,",,W",,,,,,,,,,,,,,,,,,,,
2014-07-26,27708,USW00094789,"JFK INTERNATIONAL AIRPORT, NY US",40.63915,-73.7639,2.7,10.07,",,W",0.09,",,W,2400",0.0,",,W,",0.0,",,W,",74.0,"H,,S",81.0,",,W",69.0,",,W",190.0,",,W",180.0,",,W",18.1,",,W",23.0,",,W",,,,,,,,,,,,,,,,,,,,
2014-07-27,22590,USW00094789,"JFK INTERNATIONAL AIRPORT, NY US",40.63915,-73.7639,2.7,11.86,",,W",0.01,",,W,2400",0.0,",,W,",0.0,",,W,",76.0,"H,,S",84.0,",,W",71.0,",,W",190.0,",,W",190.0,",,W",21.9,",,W",25.1,",,W",,,,,1.0,",,W",,,,,,,,,,,,,,
2014-07-28,23981,USW00094789,"JFK INTERNATIONAL AIRPORT, NY US",40.63915,-73.7639,2.7,16.11,",,W",0.51,",,W,2400",0.0,",,W,",0.0,",,W,",78.0,"H,,S",84.0,",,W",69.0,",,W",170.0,",,W",170.0,",,W",31.1,",,W",38.9,",,W",,,,,,,,,,,,,,,,,,,,
2014-07-29,27589,USW00094789,"JFK INTERNATIONAL AIRPORT, NY US",40.63915,-73.7639,2.7,10.51,",,W",0.0,",,W,2400",0.0,",,W,",0.0,",,W,",72.0,"H,,S",79.0,",,W",64.0,",,W",320.0,",,W",310.0,",,W",21.0,",,W",28.0,",,W",,,,,,,,,,,,,,,,,,,,
2014-07-30,30740,USW00094789,"JFK INTERNATIONAL AIRPORT, NY US",40.63915,-73.7639,2.7,9.17,",,W",0.0,",,W,2400",0.0,",,W,",0.0,",,W,",72.0,"H,,S",80.0,",,W",64.0,",,W",190.0,",,W",190.0,",,W",19.9,",,W",23.0,",,W",,,,,,,,,,,,,,,,,,,,
2014-07-31,33541,USW00094789,"JFK INTERNATIONAL AIRPORT, NY US",40.63915,-73.7639,2.7,11.86,",,W",0.0,",,W,2400",0.0,",,W,",0.0,",,W,",74.0,"H,,S",82.0,",,W",65.0,",,W",180.0,",,W",180.0,",,W",23.0,",,W",25.9,",,W",,,,,,,,,,,,,,,,,,,,
2014-08-01,32353,USW00094789,"JFK INTERNATIONAL AIRPORT, NY US",40.63915,-73.7639,2.7,8.05,",,W",0.0,"T,,W,2400",0.0,",,W,",0.0,",,W,",75.0,"H,,S",82.0,",,W",71.0,",,W",160.0,",,W",150.0,",,W",18.1,",,W",23.0,",,W",,,,,,,,,,,,,,,,,,,,
2014-08-02,28678,USW00094789,"JFK INTERNATIONAL AIRPORT, NY US",40.63915,-73.7639,2.7,8.28,",,W",0.4,",,W,2400",0.0,",,W,",0.0,",,W,",71.0,"H,,S",76.0,",,W",65.0,",,W",20.0,",,W",30.0,",,W",18.1,",,W",23.9,",,W",1.0,",,W",,,,,,,,,,,,,,,,,,
2014-08-03,23146,USW00094789,"JFK INTERNATIONAL AIRPORT, NY US",40.63915,-73.7639,2.7,4.7,",,W",0.09,",,W,2400",0.0,",,W,",0.0,",,W,",70.0,"H,,S",78.0,",,W",66.0,",,W",140.0,",,W",140.0,",,W",10.1,",,W",13.0,",,W",1.0,",,W",,,,,,,,,,,,,,,,,,
2014-08-04,24952,USW00094789,"JFK INTERNATIONAL AIRPORT, NY US",40.63915,-73.7639,2.7,9.84,",,W",0.0,",,W,2400",0.0,",,W,",0.0,",,W,",75.0,"H,,S",81.0,",,W",70.0,",,W",180.0,",,W",190.0,",,W",21.0,",,W",23.9,",,W",,,,,,,,,,,,,,,,,,,,
2014-08-05,28094,USW00094789,"JFK INTERNATIONAL AIRPORT, NY US",40.63915,-73.7639,2.7,8.5,",,W",0.0,",,W,2400",0.0,",,W,",0.0,",,W,",77.0,"H,,S",85.0,",,W",70.0,",,W",350.0,",,W",350.0,",,W",18.1,",,W",21.9,",,W",,,,,,,,,,,,,,,,,,,,
2014-08-06,30495,USW00094789,"JFK INTERNATIONAL AIRPORT, NY US",40.63915,-73.7639,2.7,8.95,",,W",0.0,"T,,W,2400",0.0,",,W,",0.0,",,W,",77.0,"H,,S",85.0,",,W",71.0,",,W",360.0,",,W",360.0,",,W",23.9,",,W",30.0,",,W",,,,,,,,,,,,,,,,,,,,
2014-08-07,32759,USW00094789,"JFK INTERNATIONAL AIRPORT, NY US",40.63915,-73.7639,2.7,10.96,",,W",0.0,",,W,2400",0.0,",,W,",0.0,",,W,",77.0,"H,,S",86.0,",,W",67.0,",,W",350.0,",,W",340.0,",,W",23.9,",,W",31.1,",,W",,,,,,,,,,,,,,,,,,,,
2014-08-08,30411,USW00094789,"JFK INTERNATIONAL AIRPORT, NY US",40.63915,-73.7639,2.7,6.49,",,W",0.0,",,W,2400",0.0,",,W,",0.0,",,W,",74.0,"H,,S",84.0,",,W",65.0,",,W",350.0,",,W",360.0,",,W",16.1,",,W",21.0,",,W",,,,,,,,,,,,,,,,,,,,
2014-08-09,26286,USW00094789,"JFK INTERNATIONAL AIRPORT, NY US",40.63915,-73.7639,2.7,7.38,",,W",0.0,",,W,2400",0.0,",,W,",0.0,",,W,",76.0,"H,,S",86.0,",,W",66.0,",,W",210.0,",,W",210.0,",,W",15.0,",,W",18.1,",,W",,,,,,,,,,,,,,,,,,,,
2014-08-10,20584,USW00094789,"JFK INTERNATIONAL AIRPORT, NY US",40.63915,-73.7639,2.7,7.16,",,W",0.0,",,W,2400",0.0,",,W,",0.0,",,W,",78.0,"H,,S",87.0,",,W",68.0,",,W",190.0,",,W",200.0,",,W",14.1,",,W",16.1,",,W",,,,,,,,,,,,,,,,,,,,
2014-08-11,22632,USW00094789,"JFK INTERNATIONAL AIRPORT, NY US",40.63915,-73.7639,2.7,7.83,",,W",0.0,",,W,2400",0.0,",,W,",0.0,",,W,",76.0,"H,,S",84.0,",,W",67.0,",,W",160.0,",,W",160.0,",,W",14.1,",,W",17.0,",,W",,,,,,,,,,,,,,,,,,,,
2014-08-12,29646,USW00094789,"JFK INTERNATIONAL AIRPORT, NY US",40.63915,-73.7639,2.7,15.21,",,W",0.34,",,W,2400",0.0,",,W,",0.0,",,W,",76.0,"H,,S",80.0,",,W",72.0,",,W",120.0,",,W",120.0,",,W",32.0,",,W",40.0,",,W",1.0,",,W",,,,,,,,,,,,,,,,,,
2014-08-13,29788,USW00094789,"JFK INTERNATIONAL AIRPORT, NY US",40.63915,-73.7639,2.7,14.09,",,W",2.92,",,W,2400",0.0,",,W,",0.0,",,W,",75.0,"H,,S",85.0,",,W",68.0,",,W",130.0,",,W",130.0,",,W",35.1,",,W",40.9,",,W",1.0,",,W",,,,,,,,,,,,,,,,,,
2014-08-14,30457,USW00094789,"JFK INTERNATIONAL AIRPORT, NY US",40.63915,-73.7639,2.7,12.75,",,W",0.0,",,W,2400",0.0,",,W,",0.0,",,W,",73.0,"H,,S",80.0,",,W",65.0,",,W",240.0,",,W",250.0,",,W",21.0,",,W",25.1,",,W",,,,,,,,,,,,,,,,,,,,
2014-08-15,28974,USW00094789,"JFK INTERNATIONAL AIRPORT, NY US",40.63915,-73.7639,2.7,10.74,",,W",0.0,",,W,2400",0.0,",,W,",0.0,",,W,",70.0,"H,,S",76.0,",,W",62.0,",,W",260.0,",,W",250.0,",,W",19.9,",,W",23.0,",,W",,,,,,,,,,,,,,,,,,,,
2014-08-16,26234,USW00094789,"JFK INTERNATIONAL AIRPORT, NY US",40.63915,-73.7639,2.7,10.29,",,W",0.0,",,W,2400",0.0,",,W,",0.0,",,W,",71.0,"H,,S",77.0,",,W",63.0,",,W",190.0,",,W",190.0,",,W",17.0,",,W",21.0,",,W",,,,,,,,,,,,,,,,,,,,
2014-08-17,21209,USW00094789,"JFK INTERNATIONAL AIRPORT, NY US",40.63915,-73.7639,2.7,11.41,",,W",0.0,"T,,W,2400",0.0,",,W,",0.0,",,W,",75.0,"H,,S",85.0,",,W",66.0,",,W",330.0,",,W",310.0,",,W",18.1,",,W",25.1,",,W",,,,,,,,,,,,,,,,,,,,
2014-08-18,21956,USW00094789,"JFK INTERNATIONAL AIRPORT, NY US",40.63915,-73.7639,2.7,8.05,",,W",0.0,",,W,2400",0.0,",,W,",0.0,",,W,",74.0,"H,,S",82.0,",,W",63.0,",,W",300.0,",,W",290.0,",,W",17.0,",,W",23.0,",,W",,,,,,,,,,,,,,,,,,,,
2014-08-19,24834,USW00094789,"JFK INTERNATIONAL AIRPORT, NY US",40.63915,-73.7639,2.7,7.38,",,W",0.0,",,W,2400",0.0,",,W,",0.0,",,W,",72.0,"H,,S",80.0,",,W",64.0,",,W",150.0,",,W",140.0,",,W",14.1,",,W",17.0,",,W",,,,,,,,,,,,,,,,,,,,
2014-08-20,27955,USW00094789,"JFK INTERNATIONAL AIRPORT, NY US",40.63915,-73.7639,2.7,5.37,",,W",0.0,",,W,2400",0.0,",,W,",0.0,",,W,",73.0,"H,,S",80.0,",,W",66.0,",,W",160.0,",,W",140.0,",,W",13.0,",,W",17.0,",,W",,,,,,,,,,,,,,,,,,,,
2014-08-21,32304,USW00094789,"JFK INTERNATIONAL AIRPORT, NY US",40.63915,-73.7639,2.7,7.16,",,W",0.21,",,W,2400",0.0,",,W,",0.0,",,W,",74.0,"H,,S",79.0,",,W",67.0,",,W",160.0,",,W",160.0,",,W",15.0,",,W",18.1,",,W",,,,,,,,,,,,,,,,,,,,
2014-08-22,29512,USW00094789,"JFK INTERNATIONAL AIRPORT, NY US",40.63915,-73.7639,2.7,7.83,",,W",0.13,",,W,2400",0.0,",,W,",0.0,",,W,",72.0,"H,,S",78.0,",,W",67.0,",,W",140.0,",,W",110.0,",,W",16.1,",,W",21.9,",,W",1.0,",,W",,,,,,,,,,,,,,,,,,
2014-08-23,27097,USW00094789,"JFK INTERNATIONAL AIRPORT, NY US",40.63915,-73.7639,2.7,6.04,",,W",0.0,"T,,W,2400",0.0,",,W,",0.0,",,W,",70.0,"H,,S",74.0,",,W",66.0,",,W",130.0,",,W",110.0,",,W",14.1,",,W",18.1,",,W",,,,,,,,,,,,,,,,,,,,
2014-08-24,22036,USW00094789,"JFK INTERNATIONAL AIRPORT, NY US",40.63915,-73.7639,2.7,6.49,",,W",0.0,",,W,2400",0.0,",,W,",0.0,",,W,",70.0,"H,,S",81.0,",,W",62.0,",,W",30.0,",,W",30.0,",,W",17.0,",,W",23.0,",,W",,,,,,,,,,,,,,,,,,,,
2014-08-25,22093,USW00094789,"JFK INTERNATIONAL AIRPORT, NY US",40.63915,-73.7639,2.7,4.7,",,W",0.0,",,W,2400",0.0,",,W,",0.0,",,W,",74.0,"H,,S",87.0,",,W",63.0,",,W",200.0,",,W",20.0,",,W",12.1,",,W",17.0,",,W",,,,,,,,,,,,,,,,,,,,
2014-08-26,24550,USW00094789,"JFK INTERNATIONAL AIRPORT, NY US",40.63915,-73.7639,2.7,6.71,",,W",0.0,",,W,2400",0.0,",,W,",0.0,",,W,",76.0,"H,,S",82.0,",,W",67.0,",,W",180.0,",,W",210.0,",,W",14.1,",,W",18.1,",,W",1.0,",,W",,,,,,,,,,,,,,,,,,
2014-08-27,27018,USW00094789,"JFK INTERNATIONAL AIRPORT, NY US",40.63915,-73.7639,2.7,8.5,",,W",0.0,",,W,2400",0.0,",,W,",0.0,",,W,",76.0,"H,,S",86.0,",,W",67.0,",,W",180.0,",,W",190.0,",,W",17.0,",,W",23.0,",,W",,,,,,,,,,,,,,,,,,,,
2014-08-28,28597,USW00094789,"JFK INTERNATIONAL AIRPORT, NY US",40.63915,-73.7639,2.7,13.2,",,W",0.0,",,W,2400",0.0,",,W,",0.0,",,W,",77.0,"H,,S",84.0,",,W",68.0,",,W",330.0,",,W",10.0,",,W",23.0,",,W",31.1,",,W",,,,,,,,,,,,,,,,,,,,
2014-08-29,27424,USW00094789,"JFK INTERNATIONAL AIRPORT, NY US",40.63915,-73.7639,2.7,8.72,",,W",0.0,",,W,2400",0.0,",,W,",0.0,",,W,",71.0,"H,,S",78.0,",,W",63.0,",,W",360.0,",,W",350.0,",,W",15.0,",,W",21.0,",,W",,,,,,,,,,,,,,,,,,,,
2014-08-30,23930,USW00094789,"JFK INTERNATIONAL AIRPORT, NY US",40.63915,-73.7639,2.7,9.62,",,W",0.0,",,W,2400",0.0,",,W,",0.0,",,W,",71.0,"H,,S",78.0,",,W",63.0,",,W",170.0,",,W",190.0,",,W",18.1,",,W",21.9,",,W",,,,,,,,,,,,,,,,,,,,
2014-08-31,23271,USW00094789,"JFK INTERNATIONAL AIRPORT, NY US",40.63915,-73.7639,2.7,10.07,",,W",0.14,",,W,2400",0.0,",,W,",0.0,",,W,",77.0,"H,,S",85.0,",,W",73.0,",,W",190.0,",,W",180.0,",,W",25.1,",,W",32.0,",,W",,,,,,,,,,,,,,,,,,,,
2014-09-01,19961,USW00094789,"JFK INTERNATIONAL AIRPORT, NY US",40.63915,-73.7639,2.7,8.72,",,W",0.0,"T,,W,2400",0.0,",,W,",0.0,",,W,",78.0,"H,,S",86.0,",,W",74.0,",,W",190.0,",,W",180.0,",,W",16.1,",,W",21.0,",,W",,,,,,,,,,,,,,,,,,,,
2014-09-02,28831,USW00094789,"JFK INTERNATIONAL AIRPORT, NY US",40.63915,-73.7639,2.7,11.18,",,W",0.0,",,W,2400",0.0,",,W,",0.0,",,W,",81.0,"H,,S",92.0,",,W",74.0,",,W",230.0,",,W",230.0,",,W",25.1,",,W",31.1,",,W",,,,,,,,,,,,,,,,,,,,
2014-09-03,32631,USW00094789,"JFK INTERNATIONAL AIRPORT, NY US",40.63915,-73.7639,2.7,9.4,",,W",0.0,",,W,2400",0.0,",,W,",0.0,",,W,",80.0,"H,,S",88.0,",,W",72.0,",,W",270.0,",,W",270.0,",,W",21.0,",,W",25.1,",,W",,,,,,,,,,,,,,,,,,,,
2014-09-04,38360,USW00094789,"JFK INTERNATIONAL AIRPORT, NY US",40.63915,-73.7639,2.7,8.5,",,W",0.0,",,W,2400",0.0,",,W,",0.0,",,W,",77.0,"H,,S",85.0,",,W",68.0,",,W",180.0,",,W",180.0,",,W",21.0,",,W",25.1,",,W",1.0,",,W",,,,,,,,,,,,,,,,,,
2014-09-05,42319,USW00094789,"JFK INTERNATIONAL AIRPORT, NY US",40.63915,-73.7639,2.7,9.62,",,W",0.0,",,W,2400",0.0,",,W,",0.0,",,W,",77.0,"H,,S",85.0,",,W",71.0,",,W",180.0,",,W",180.0,",,W",18.1,",,W",21.9,",,W",,,,,,,,,,,,,,,,,,,,
2014-09-06,40520,USW00094789,"JFK INTERNATIONAL AIRPORT, NY US",40.63915,-73.7639,2.7,10.74,",,W",0.04,",,W,2400",0.0,",,W,",0.0,",,W,",79.0,"H,,S",86.0,",,W",68.0,",,W",220.0,",,W",230.0,",,W",23.0,",,W",28.0,",,W",,,,,1.0,",,W",,,,,,,,,,,,,,
2014-09-07,30134,USW00094789,"JFK INTERNATIONAL AIRPORT, NY US",40.63915,-73.7639,2.7,6.71,",,W",0.0,"T,,W,2400",0.0,",,W,",0.0,",,W,",74.0,"H,,S",82.0,",,W",66.0,",,W",350.0,",,W",20.0,",,W",18.1,",,W",23.0,",,W",,,,,,,,,,,,,,,,,,,,
2014-09-08,30360,USW00094789,"JFK INTERNATIONAL AIRPORT, NY US",40.63915,-73.7639,2.7,10.96,",,W",0.0,",,W,2400",0.0,",,W,",0.0,",,W,",71.0,"H,,S",78.0,",,W",65.0,",,W",100.0,",,W",110.0,",,W",18.1,",,W",23.9,",,W",,,,,,,,,,,,,,,,,,,,
2014-09-09,34560,USW00094789,"JFK INTERNATIONAL AIRPORT, NY US",40.63915,-73.7639,2.7,11.18,",,W",0.0,"T,,W,2400",0.0,",,W,",0.0,",,W,",69.0,"H,,S",75.0,",,W",64.0,",,W",60.0,",,W",40.0,",,W",17.0,",,W",25.1,",,W",,,,,,,,,,,,,,,,,,,,
2014-09-10,35910,USW00094789,"JFK INTERNATIONAL AIRPORT, NY US",40.63915,-73.7639,2.7,7.83,",,W",0.0,",,W,2400",0.0,",,W,",0.0,",,W,",69.0,"H,,S",78.0,",,W",63.0,",,W",150.0,",,W",130.0,",,W",13.0,",,W",16.1,",,W",,,,,,,,,,,,,,,,,,,,
2014-09-11,36439,USW00094789,"JFK INTERNATIONAL AIRPORT, NY US",40.63915,-73.7639,2.7,12.97,",,W",0.0,",,W,2400",0.0,",,W,",0.0,",,W,",74.0,"H,,S",85.0,",,W",69.0,",,W",330.0,",,W",360.0,",,W",21.9,",,W",25.9,",,W",,,,,,,,,,,,,,,,,,,,
2014-09-12,39540,USW00094789,"JFK INTERNATIONAL AIRPORT, NY US",40.63915,-73.7639,2.7,10.74,",,W",0.0,",,W,2400",0.0,",,W,",0.0,",,W,",72.0,"H,,S",79.0,",,W",63.0,",,W",360.0,",,W",350.0,",,W",18.1,",,W",23.0,",,W",,,,,,,,,,,,,,,,,,,,
2014-09-13,43205,USW00094789,"JFK INTERNATIONAL AIRPORT, NY US",40.63915,-73.7639,2.7,10.96,",,W",0.29,",,W,2400",0.0,",,W,",0.0,",,W,",66.0,"H,,S",70.0,",,W",60.0,",,W",100.0,",,W",100.0,",,W",23.9,",,W",29.1,",,W",1.0,",,W",,,,,,,,,,,,,,,,,,
2014-09-14,28122,USW00094789,"JFK INTERNATIONAL AIRPORT, NY US",40.63915,-73.7639,2.7,8.5,",,W",0.0,",,W,2400",0.0,",,W,",0.0,",,W,",62.0,"H,,S",72.0,",,W",54.0,",,W",350.0,",,W",330.0,",,W",18.1,",,W",23.0,",,W",,,,,,,,,,,,,,,,,,,,
2014-09-15,29454,USW00094789,"JFK INTERNATIONAL AIRPORT, NY US",40.63915,-73.7639,2.7,8.05,",,W",0.0,",,W,2400",0.0,",,W,",0.0,",,W,",63.0,"H,,S",71.0,",,W",55.0,",,W",20.0,",,W",40.0,",,W",14.1,",,W",17.0,",,W",,,,,,,,,,,,,,,,,,,,
2014-09-16,36092,USW00094789,"JFK INTERNATIONAL AIRPORT, NY US",40.63915,-73.7639,2.7,5.37,",,W",0.26,",,W,2400",0.0,",,W,",0.0,",,W,",64.0,"H,,S",67.0,",,W",60.0,",,W",360.0,",,W",,,13.0,",,W",,,1.0,",,W",,,,,,,,,,,,,,,,,,
2014-09-17,35531,USW00094789,"JFK INTERNATIONAL AIRPORT, NY US",40.63915,-73.7639,2.7,6.26,",,W",0.0,",,W,2400",0.0,",,W,",0.0,",,W,",64.0,"H,,S",73.0,",,W",55.0,",,W",230.0,",,W",220.0,",,W",15.0,",,W",21.0,",,W",,,,,,,,,,,,,,,,,,,,
2014-09-18,40274,USW00094789,"JFK INTERNATIONAL AIRPORT, NY US",40.63915,-73.7639,2.7,6.04,",,W",0.0,",,W,2400",0.0,",,W,",0.0,",,W,",67.0,"H,,S",78.0,",,W",57.0,",,W",30.0,",,W",120.0,",,W",16.1,",,W",21.9,",,W",,,,,,,,,,,,,,,,,,,,
2014-09-19,41017,USW00094789,"JFK INTERNATIONAL AIRPORT, NY US",40.63915,-73.7639,2.7,10.96,",,W",0.0,",,W,2400",0.0,",,W,",0.0,",,W,",63.0,"H,,S",67.0,",,W",56.0,",,W",50.0,",,W",60.0,",,W",18.1,",,W",23.0,",,W",,,,,,,,,,,,,,,,,,,,
2014-09-20,38864,USW00094789,"JFK INTERNATIONAL AIRPORT, NY US",40.63915,-73.7639,2.7,9.17,",,W",0.37,",,W,2400",0.0,",,W,",0.0,",,W,",65.0,"H,,S",75.0,",,W",54.0,",,W",170.0,",,W",170.0,",,W",21.0,",,W",25.1,",,W",1.0,",,W",,,,,,,,,,,,,,,,,,
2014-09-21,28620,USW00094789,"JFK INTERNATIONAL AIRPORT, NY US",40.63915,-73.7639,2.7,5.14,",,W",0.21,",,W,2400",0.0,",,W,",0.0,",,W,",71.0,"H,,S",77.0,",,W",67.0,",,W",240.0,",,W",240.0,",,W",16.1,",,W",21.9,",,W",1.0,",,W",,,,,,,,,,,,,,,,,,
2014-09-22,28312,USW00094789,"JFK INTERNATIONAL AIRPORT, NY US",40.63915,-73.7639,2.7,15.88,",,W",0.0,"T,,W,2400",0.0,",,W,",0.0,",,W,",69.0,"H,,S",73.0,",,W",55.0,",,W",320.0,",,W",330.0,",,W",25.1,",,W",31.1,",,W",,,,,,,,,,,,,,,,,,,,
2014-09-23,30316,USW00094789,"JFK INTERNATIONAL AIRPORT, NY US",40.63915,-73.7639,2.7,6.49,",,W",0.0,",,W,2400",0.0,",,W,",0.0,",,W,",60.0,"H,,S",69.0,",,W",51.0,",,W",230.0,",,W",140.0,",,W",14.1,",,W",19.9,",,W",,,,,,,,,,,,,,,,,,,,
2014-09-24,31301,USW00094789,"JFK INTERNATIONAL AIRPORT, NY US",40.63915,-73.7639,2.7,10.29,",,W",0.0,",,W,2400",0.0,",,W,",0.0,",,W,",64.0,"H,,S",72.0,",,W",56.0,",,W",90.0,",,W",110.0,",,W",19.9,",,W",23.0,",,W",,,,,,,,,,,,,,,,,,,,
2014-09-25,38203,USW00094789,"JFK INTERNATIONAL AIRPORT, NY US",40.63915,-73.7639,2.7,14.54,",,W",0.23,",,W,2400",0.0,",,W,",0.0,",,W,",63.0,"H,,S",64.0,",,W",60.0,",,W",30.0,",,W",40.0,",,W",21.9,",,W",28.0,",,W",1.0,",,W",,,,,,,,,,,,,,,,,,
2014-09-26,37504,USW00094789,"JFK INTERNATIONAL AIRPORT, NY US",40.63915,-73.7639,2.7,8.28,",,W",0.0,",,W,2400",0.0,",,W,",0.0,",,W,",67.0,"H,,S",79.0,",,W",59.0,",,W",20.0,",,W",20.0,",,W",18.1,",,W",23.0,",,W",,,,,,,,,,,,,,,,,,,,
2014-09-27,39468,USW00094789,"JFK INTERNATIONAL AIRPORT, NY US",40.63915,-73.7639,2.7,6.71,",,W",0.0,",,W,2400",0.0,",,W,",0.0,",,W,",70.0,"H,,S",84.0,",,W",62.0,",,W",360.0,",,W",360.0,",,W",14.1,",,W",18.1,",,W",,,,,,,,,,,,,,,,,,,,
2014-09-28,29656,USW00094789,"JFK INTERNATIONAL AIRPORT, NY US",40.63915,-73.7639,2.7,7.38,",,W",0.0,",,W,2400",0.0,",,W,",0.0,",,W,",69.0,"H,,S",78.0,",,W",62.0,",,W",190.0,",,W",200.0,",,W",15.0,",,W",19.9,",,W",,,,,,,,,,,,,,,,,,,,
2014-09-29,29201,USW00094789,"JFK INTERNATIONAL AIRPORT, NY US",40.63915,-73.7639,2.7,5.37,",,W",0.0,"T,,W,2400",0.0,",,W,",0.0,",,W,",69.0,"H,,S",78.0,",,W",64.0,",,W",230.0,",,W",230.0,",,W",14.1,",,W",16.1,",,W",,,,,,,,,,,,,,,,,,,,
2014-09-30,33431,USW00094789,"JFK INTERNATIONAL AIRPORT, NY US",40.63915,-73.7639,2.7,5.82,",,W",0.03,",,W,2400",0.0,",,W,",0.0,",,W,",68.0,"H,,S",70.0,",,W",62.0,",,W",70.0,",,W",60.0,",,W",12.1,",,W",15.0,",,W",1.0,",,W",,,,,,,,,,,,,,,,,,
2015-01-01,5374,USW00094789,"JFK INTERNATIONAL AIRPORT, NY US",40.63915,-73.7639,2.7,17.22,",,W",0.0,",,W,2400",0.0,",,W,",0.0,",,W,",33.0,"H,,S",40.0,",,W",28.0,",,W",230.0,",,W",230.0,",,W",25.9,",,W",32.0,",,W",,,,,,,,,,,,,,,,,,,,
2015-01-02,4061,USW00094789,"JFK INTERNATIONAL AIRPORT, NY US",40.63915,-73.7639,2.7,13.65,",,W",0.0,",,W,2400",0.0,",,W,",0.0,",,W,",39.0,"H,,S",45.0,",,W",35.0,",,W",300.0,",,W",300.0,",,W",23.9,",,W",30.0,",,W",,,,,,,,,,,,,,,,,,,,
2015-01-03,4668,USW00094789,"JFK INTERNATIONAL AIRPORT, NY US",40.63915,-73.7639,2.7,9.17,",,W",0.94,",,W,2400",0.0,"T,,W,",0.0,",,W,",36.0,"H,,S",47.0,",,W",30.0,",,W",90.0,",,W",100.0,",,W",18.1,",,W",23.0,",,W",1.0,",,W",,,,,,,,,,,,,,,,,,
2015-01-04,3910,USW00094789,"JFK INTERNATIONAL AIRPORT, NY US",40.63915,-73.7639,2.7,10.07,",,W",0.47,",,W,2400",0.0,",,W,",0.0,",,W,",47.0,"H,,S",55.0,",,W",43.0,",,W",290.0,",,W",290.0,",,W",28.0,",,W",36.0,",,W",1.0,",,W",1.0,",,W",,,,,,,,,,,,,,,,
2015-01-05,4080,USW00094789,"JFK INTERNATIONAL AIRPORT, NY US",40.63915,-73.7639,2.7,19.69,",,W",0.0,",,W,2400",0.0,",,W,",0.0,",,W,",43.0,"H,,S",51.0,",,W",23.0,",,W",280.0,",,W",290.0,",,W",33.1,",,W",48.1,",,W",,,,,,,,,,,,,,,,,,,,
2015-01-06,4265,USW00094789,"JFK INTERNATIONAL AIRPORT, NY US",40.63915,-73.7639,2.7,8.5,",,W",0.07,",,W,2400",1.1,",,W,",0.0,",,W,",22.0,"H,,S",23.0,",,W",19.0,",,W",310.0,",,W",310.0,",,W",23.0,",,W",28.0,",,W",1.0,",,W",,,,,,,,,,,,,,,,,,
2015-01-07,4520,USW00094789,"JFK INTERNATIONAL AIRPORT, NY US",40.63915,-73.7639,2.7,21.47,",,W",0.0,",,W,2400",0.0,",,W,",1.2,",,W,",22.0,"H,,S",25.0,",,W",10.0,",,W",310.0,",,W",310.0,",,W",40.0,",,W",47.0,",,W",,,,,,,,,,,,,,,,,,,,
2015-01-08,4686,USW00094789,"JFK INTERNATIONAL AIRPORT, NY US",40.63915,-73.7639,2.7,17.22,",,W",0.0,",,W,2400",0.0,",,W,",0.0,"T,,W,",14.0,"H,,S",22.0,",,W",8.0,",,W",310.0,",,W",300.0,",,W",33.1,",,W",38.9,",,W",,,,,,,,,,,,,,,,,,,,
2015-01-09,4855,USW00094789,"JFK INTERNATIONAL AIRPORT, NY US",40.63915,-73.7639,2.7,19.69,",,W",0.07,",,W,2400",1.3,",,W,",0.0,",,W,",26.0,"H,,S",34.0,",,W",21.0,",,W",210.0,",,W",270.0,",,W",33.1,",,W",40.0,",,W",1.0,",,W",,,,,,,,,,,,,1.0,",,W",,,,
2015-01-10,5421,USW00094789,"JFK INTERNATIONAL AIRPORT, NY US",40.63915,-73.7639,2.7,16.55,",,W",0.0,",,W,2400",0.0,",,W,",1.2,",,W,",22.0,"H,,S",24.0,",,W",18.0,",,W",280.0,",,W",280.0,",,W",25.1,",,W",32.0,",,W",,,,,,,,,,,,,,,,,,,,
2015-01-11,4620,USW00094789,"JFK INTERNATIONAL AIRPORT, NY US",40.63915,-73.7639,2.7,10.96,",,W",0.0,",,W,2400",0.0,",,W,",1.2,",,W,",26.0,"H,,S",38.0,",,W",20.0,",,W",200.0,",,W",190.0,",,W",21.0,",,W",23.9,",,W",,,,,,,,,,,,,,,,,,,,
2015-01-12,4343,USW00094789,"JFK INTERNATIONAL AIRPORT, NY US",40.63915,-73.7639,2.7,6.04,",,W",0.7,",,W,2400",0.0,",,W,",0.0,",,W,",36.0,"H,,S",40.0,",,W",34.0,",,W",350.0,",,W",350.0,",,W",16.1,",,W",19.9,",,W",1.0,",,W",,,,,,,,,,,,,,,,,,
2015-01-13,4529,USW00094789,"JFK INTERNATIONAL AIRPORT, NY US",40.63915,-73.7639,2.7,15.21,",,W",0.0,",,W,2400",0.0,",,W,",0.0,",,W,",32.0,"H,,S",37.0,",,W",19.0,",,W",360.0,",,W",360.0,",,W",23.9,",,W",29.1,",,W",,,,,,,,,,,,,,,,,,,,
2015-01-14,4382,USW00094789,"JFK INTERNATIONAL AIRPORT, NY US",40.63915,-73.7639,2.7,11.63,",,W",0.0,",,W,2400",0.0,",,W,",0.0,",,W,",24.0,"H,,S",33.0,",,W",19.0,",,W",30.0,",,W",20.0,",,W",16.1,",,W",19.9,",,W",,,,,,,,,,,,,,,,,,,,
2015-01-15,4538,USW00094789,"JFK INTERNATIONAL AIRPORT, NY US",40.63915,-73.7639,2.7,9.84,",,W",0.0,",,W,2400",0.0,",,W,",0.0,",,W,",31.0,"H,,S",35.0,",,W",27.0,",,W",270.0,",,W",260.0,",,W",18.1,",,W",21.9,",,W",,,,,,,,,,,,,,,,,,,,
2015-01-16,5081,USW00094789,"JFK INTERNATIONAL AIRPORT, NY US",40.63915,-73.7639,2.7,18.34,",,W",0.0,",,W,2400",0.0,",,W,",0.0,",,W,",34.0,"H,,S",45.0,",,W",20.0,",,W",310.0,",,W",300.0,",,W",36.0,",,W",45.0,",,W",,,,,,,,,,,,,,,,,,,,
2015-01-17,5355,USW00094789,"JFK INTERNATIONAL AIRPORT, NY US",40.63915,-73.7639,2.7,10.51,",,W",0.0,",,W,2400",0.0,",,W,",0.0,",,W,",23.0,"H,,S",32.0,",,W",18.0,",,W",320.0,",,W",330.0,",,W",21.0,",,W",25.9,",,W",,,,,,,,,,,,,,,,,,,,
2015-01-18,5426,USW00094789,"JFK INTERNATIONAL AIRPORT, NY US",40.63915,-73.7639,2.7,6.26,",,W",1.62,",,W,2400",0.0,",,W,",0.0,",,W,",36.0,"H,,S",47.0,",,W",27.0,",,W",310.0,",,W",300.0,",,W",21.0,",,W",23.0,",,W",1.0,",,W",,,,,,,,,,,,,,,,,,
2015-01-19,4575,USW00094789,"JFK INTERNATIONAL AIRPORT, NY US",40.63915,-73.7639,2.7,15.21,",,W",0.0,"T,,W,2400",0.0,",,W,",0.0,",,W,",40.0,"H,,S",45.0,",,W",35.0,",,W",290.0,",,W",290.0,",,W",31.1,",,W",36.9,",,W",,,,,,,,,,,,,,,,,,,,
2015-01-20,4373,USW00094789,"JFK INTERNATIONAL AIRPORT, NY US",40.63915,-73.7639,2.7,12.08,",,W",0.0,"T,,W,2400",0.0,"T,,W,",0.0,",,W,",39.0,"H,,S",41.0,",,W",32.0,",,W",290.0,",,W",310.0,",,W",19.9,",,W",28.0,",,W",,,,,,,,,,,,,,,,,,,,
2015-01-21,4323,USW00094789,"JFK INTERNATIONAL AIRPORT, NY US",40.63915,-73.7639,2.7,6.04,",,W",0.0,"T,,W,2400",0.0,"T,,W,",0.0,",,W,",32.0,"H,,S",38.0,",,W",26.0,",,W",20.0,",,W",120.0,",,W",14.1,",,W",19.9,",,W",,,,,,,,,,,,,,,,,,,,
2015-01-22,4418,USW00094789,"JFK INTERNATIONAL AIRPORT, NY US",40.63915,-73.7639,2.7,8.05,",,W",0.0,",,W,2400",0.0,",,W,",0.0,",,W,",35.0,"H,,S",41.0,",,W",31.0,",,W",310.0,",,W",310.0,",,W",19.9,",,W",28.0,",,W",,,,,,,,,,,,,,,,,,,,
2015-01-23,5117,USW00094789,"JFK INTERNATIONAL AIRPORT, NY US",40.63915,-73.7639,2.7,10.51,",,W",0.0,"T,,W,2400",0.0,"T,,W,",0.0,",,W,",33.0,"H,,S",39.0,",,W",28.0,",,W",230.0,",,W",230.0,",,W",17.0,",,W",21.0,",,W",,,,,,,,,,,,,,,,,,,,
2015-01-24,5457,USW00094789,"JFK INTERNATIONAL AIRPORT, NY US",40.63915,-73.7639,2.7,11.41,",,W",0.75,",,W,2400",3.4,",,W,",3.1,",,W,",35.0,"H,,S",40.0,",,W",33.0,",,W",300.0,",,W",,,23.0,",,W",,,1.0,",,W",1.0,",,W",,,,,,,,,,,,,,,,
2015-01-25,4842,USW00094789,"JFK INTERNATIONAL AIRPORT, NY US",40.63915,-73.7639,2.7,14.99,",,W",0.0,",,W,2400",0.0,",,W,",0.0,"T,,W,",39.0,"H,,S",45.0,",,W",32.0,",,W",290.0,",,W",300.0,",,W",25.9,",,W",33.1,",,W",,,,,,,,,,,,,,,,,,,,
2015-01-26,4066,USW00094789,"JFK INTERNATIONAL AIRPORT, NY US",40.63915,-73.7639,2.7,18.34,",,W",0.33,",,W,2400",5.1,",,W,",0.0,"T,,W,",28.0,"H,,S",32.0,",,W",24.0,",,W",20.0,",,W",30.0,",,W",31.1,",,W",38.9,",,W",1.0,",,W",,,,,,,,,,,,,1.0,",,W",,,,
2015-01-27,3009,USW00094789,"JFK INTERNATIONAL AIRPORT, NY US",40.63915,-73.7639,2.7,19.01,",,W",0.31,",,W,2400",5.6,",,W,",9.1,",,W,",25.0,"H,,S",27.0,",,W",20.0,",,W",360.0,",,W",350.0,",,W",29.1,",,W",36.0,",,W",,,,,,,,,,,,,,,1.0,",,W",,,,
2015-01-28,4541,USW00094789,"JFK INTERNATIONAL AIRPORT, NY US",40.63915,-73.7639,2.7,13.87,",,W",0.0,",,W,2400",0.0,",,W,",9.8,",,W,",24.0,"H,,S",33.0,",,W",17.0,",,W",330.0,",,W",330.0,",,W",23.9,",,W",29.1,",,W",,,,,,,,,,,,,,,,,,,,
2015-01-29,4809,USW00094789,"JFK INTERNATIONAL AIRPORT, NY US",40.63915,-73.7639,2.7,8.28,",,W",0.01,",,W,2400",0.0,"T,,W,",9.1,",,W,",25.0,"H,,S",37.0,",,W",17.0,",,W",200.0,",,W",240.0,",,W",19.9,",,W",28.0,",,W",,,,,,,,,,,,,,,,,,,,
2015-01-30,5556,USW00094789,"JFK INTERNATIONAL AIRPORT, NY US",40.63915,-73.7639,2.7,18.79,",,W",0.04,",,W,2400",0.6,",,W,",9.1,",,W,",35.0,"H,,S",38.0,",,W",19.0,",,W",310.0,",,W",320.0,",,W",38.0,",,W",49.0,",,W",1.0,",,W",,,,,,,,,,,,,,,,,,
2015-01-31,6090,USW00094789,"JFK INTERNATIONAL AIRPORT, NY US",40.63915,-73.7639,2.7,23.04,",,W",0.0,",,W,2400",0.0,",,W,",7.1,",,W,",21.0,"H,,S",27.0,",,W",14.0,",,W",310.0,",,W",310.0,",,W",38.0,",,W",47.0,",,W",,,,,,,,,,,,,,,,,,,,
2015-02-01,5632,USW00094789,"JFK INTERNATIONAL AIRPORT, NY US",40.63915,-73.7639,2.7,8.72,",,W",0.03,",,W,2400",0.3,",,W,",7.1,",,W,",27.0,"H,,S",36.0,",,W",21.0,",,W",270.0,",,W",270.0,",,W",17.0,",,W",19.9,",,W",1.0,",,W",,,,,,,,,,,,,,,,,,
2015-02-02,5100,USW00094789,"JFK INTERNATIONAL AIRPORT, NY US",40.63915,-73.7639,2.7,19.01,",,W",1.18,",,W,2400",4.2,",,W,",7.9,",,W,",32.0,"H,,S",35.0,",,W",15.0,",,W",310.0,",,W",320.0,",,W",31.1,",,W",38.9,",,W",1.0,",,W",1.0,",,W",,,1.0,",,W",,,1.0,",,W",1.0,",,W",,,,,,
2015-02-03,5008,USW00094789,"JFK INTERNATIONAL AIRPORT, NY US",40.63915,-73.7639,2.7,14.32,",,W",0.0,",,W,2400",0.0,",,W,",7.9,",,W,",20.0,"H,,S",26.0,",,W",14.0,",,W",310.0,",,W",310.0,",,W",32.0,",,W",40.0,",,W",,,,,,,,,,,,,,,,,,,,
2015-02-04,4803,USW00094789,"JFK INTERNATIONAL AIRPORT, NY US",40.63915,-73.7639,2.7,13.65,",,W",0.0,",,W,2400",0.0,",,W,",7.9,",,W,",31.0,"H,,S",39.0,",,W",22.0,",,W",200.0,",,W",190.0,",,W",23.9,",,W",28.0,",,W",,,,,,,,,,,,,,,,,,,,
2015-02-05,5071,USW00094789,"JFK INTERNATIONAL AIRPORT, NY US",40.63915,-73.7639,2.7,19.69,",,W",0.0,"T,,W,2400",0.1,",,W,",5.1,",,W,",33.0,"H,,S",39.0,",,W",15.0,",,W",330.0,",,W",320.0,",,W",33.1,",,W",40.9,",,W",,,,,,,,,,,,,,,,,,,,
2015-02-06,5515,USW00094789,"JFK INTERNATIONAL AIRPORT, NY US",40.63915,-73.7639,2.7,14.09,",,W",0.0,",,W,2400",0.0,",,W,",5.1,",,W,",19.0,"H,,S",27.0,",,W",13.0,",,W",260.0,",,W",270.0,",,W",23.9,",,W",30.0,",,W",,,,,,,,,,,,,,,,,,,,
2015-02-07,5808,USW00094789,"JFK INTERNATIONAL AIRPORT, NY US",40.63915,-73.7639,2.7,8.28,",,W",0.0,"T,,W,2400",0.0,"T,,W,",3.9,",,W,",30.0,"H,,S",37.0,",,W",25.0,",,W",240.0,",,W",250.0,",,W",14.1,",,W",17.0,",,W",,,,,,,,,,,,,,,,,,,,
2015-02-08,5186,USW00094789,"JFK INTERNATIONAL AIRPORT, NY US",40.63915,-73.7639,2.7,8.72,",,W",0.0,",,W,2400",0.0,",,W,",3.9,",,W,",37.0,"H,,S",42.0,",,W",29.0,",,W",50.0,",,W",50.0,",,W",19.9,",,W",23.9,",,W",1.0,",,W",,,,,,,,,,,1.0,",,W",,,,,,
2015-02-09,4877,USW00094789,"JFK INTERNATIONAL AIRPORT, NY US",40.63915,-73.7639,2.7,17.22,",,W",0.14,",,W,2400",0.1,",,W,",2.0,",,W,",28.0,"H,,S",29.0,",,W",26.0,",,W",30.0,",,W",40.0,",,W",23.9,",,W",30.0,",,W",,,,,,,1.0,",,W",,,1.0,",,W",,,,,,,,
2015-02-10,4774,USW00094789,"JFK INTERNATIONAL AIRPORT, NY US",40.63915,-73.7639,2.7,15.43,",,W",0.0,"T,,W,2400",0.0,"T,,W,",2.0,",,W,",30.0,"H,,S",40.0,",,W",26.0,",,W",20.0,",,W",360.0,",,W",23.0,",,W",28.0,",,W",,,,,,,,,,,,,,,,,,,,
2015-02-11,4916,USW00094789,"JFK INTERNATIONAL AIRPORT, NY US",40.63915,-73.7639,2.7,10.07,",,W",0.0,",,W,2400",0.0,",,W,",2.0,",,W,",30.0,"H,,S",35.0,",,W",23.0,",,W",30.0,",,W",30.0,",,W",21.9,",,W",28.0,",,W",,,,,,,,,,,,,,,,,,,,
2015-02-12,5231,USW00094789,"JFK INTERNATIONAL AIRPORT, NY US",40.63915,-73.7639,2.7,13.2,",,W",0.0,"T,,W,2400",0.0,"T,,W,",1.2,",,W,",31.0,"H,,S",40.0,",,W",18.0,",,W",330.0,",,W",330.0,",,W",36.0,",,W",44.1,",,W",,,,,,,,,,,,,,,,,,,,
2015-02-13,6201,USW00094789,"JFK INTERNATIONAL AIRPORT, NY US",40.63915,-73.7639,2.7,18.79,",,W",0.0,",,W,2400",0.0,",,W,",1.2,",,W,",19.0,"H,,S",23.0,",,W",9.0,",,W",310.0,",,W",310.0,",,W",38.0,",,W",47.0,",,W",,,,,,,,,,,,,,,,,,,,
2015-02-14,6631,USW00094789,"JFK INTERNATIONAL AIRPORT, NY US",40.63915,-73.7639,2.7,10.51,",,W",0.01,",,W,2400",0.4,",,W,",1.2,",,W,",24.0,"H,,S",35.0,",,W",16.0,",,W",200.0,",,W",190.0,",,W",28.0,",,W",32.0,",,W",,,,,,,,,,,,,,,,,,,,
2015-02-15,6142,USW00094789,"JFK INTERNATIONAL AIRPORT, NY US",40.63915,-73.7639,2.7,27.74,",,W",0.01,",,W,2400",0.3,",,W,",1.2,",,W,",21.0,"H,,S",27.0,",,W",5.0,",,W",310.0,",,W",310.0,",,W",38.0,",,W",49.0,",,W",,,,,,,,,,,,,,,1.0,",,W",,,,
2015-02-16,5823,USW00094789,"JFK INTERNATIONAL AIRPORT, NY US",40.63915,-73.7639,2.7,14.76,",,W",0.0,",,W,2400",0.0,",,W,",1.2,",,W,",11.0,"H,,S",23.0,",,W",5.0,",,W",300.0,",,W",310.0,",,W",33.1,",,W",44.1,",,W",,,,,,,,,,,,,,,,,,,,
2015-02-17,5252,USW00094789,"JFK INTERNATIONAL AIRPORT, NY US",40.63915,-73.7639,2.7,6.93,",,W",0.19,",,W,2400",3.5,",,W,",3.9,",,W,",20.0,"H,,S",27.0,",,W",16.0,",,W",30.0,",,W",20.0,",,W",16.1,",,W",19.9,",,W",,,,,,,,,,,,,,,,,,,,
2015-02-18,5174,USW00094789,"JFK INTERNATIONAL AIRPORT, NY US",40.63915,-73.7639,2.7,5.82,",,W",0.0,"T,,W,2400",0.0,"T,,W,",3.1,",,W,",23.0,"H,,S",31.0,",,W",15.0,",,W",250.0,",,W",250.0,",,W",17.0,",,W",23.0,",,W",,,,,,,,,,,,,,,,,,,,
2015-02-19,5623,USW00094789,"JFK INTERNATIONAL AIRPORT, NY US",40.63915,-73.7639,2.7,21.25,",,W",0.0,",,W,2400",0.0,",,W,",2.0,",,W,",22.0,"H,,S",27.0,",,W",9.0,",,W",310.0,",,W",300.0,",,W",31.1,",,W",38.9,",,W",,,,,,,,,,,,,,,,,,,,
2015-02-20,6289,USW00094789,"JFK INTERNATIONAL AIRPORT, NY US",40.63915,-73.7639,2.7,18.79,",,W",0.0,",,W,2400",0.0,",,W,",2.0,",,W,",11.0,"H,,S",21.0,",,W",3.0,",,W",290.0,",,W",300.0,",,W",31.1,",,W",40.0,",,W",,,,,,,,,,,,,,,,,,,,
2015-02-21,6455,USW00094789,"JFK INTERNATIONAL AIRPORT, NY US",40.63915,-73.7639,2.7,9.84,",,W",0.59,",,W,2400",4.5,",,W,",1.2,",,W,",21.0,"H,,S",33.0,",,W",11.0,",,W",190.0,",,W",200.0,",,W",25.1,",,W",31.1,",,W",1.0,",,W",,,,,,,,,1.0,",,W",,,,,,,,
2015-02-22,5384,USW00094789,"JFK INTERNATIONAL AIRPORT, NY US",40.63915,-73.7639,2.7,4.03,",,W",0.2,",,W,2400",0.2,",,W,",5.1,",,W,",34.0,"H,,S",43.0,",,W",32.0,",,W",270.0,",,W",310.0,",,W",13.0,",,W",23.0,",,W",1.0,",,W",,,,,,,,,1.0,",,W",,,,,,,,
2015-02-23,5453,USW00094789,"JFK INTERNATIONAL AIRPORT, NY US",40.63915,-73.7639,2.7,19.01,",,W",0.0,",,W,2400",0.0,",,W,",3.1,",,W,",29.0,"H,,S",38.0,",,W",9.0,",,W",330.0,",,W",320.0,",,W",31.1,",,W",38.0,",,W",,,,,,,,,,,,,,,,,,,,
2015-02-24,5588,USW00094789,"JFK INTERNATIONAL AIRPORT, NY US",40.63915,-73.7639,2.7,9.4,",,W",0.0,",,W,2400",0.0,",,W,",3.1,",,W,",13.0,"H,,S",28.0,",,W",7.0,",,W",180.0,",,W",180.0,",,W",21.0,",,W",23.9,",,W",,,,,,,,,,,,,,,,,,,,
2015-02-25,5296,USW00094789,"JFK INTERNATIONAL AIRPORT, NY US",40.63915,-73.7639,2.7,10.74,",,W",0.0,",,W,2400",0.0,",,W,",2.0,",,W,",28.0,"H,,S",37.0,",,W",19.0,",,W",260.0,",,W",270.0,",,W",23.0,",,W",29.1,",,W",,,,,,,,,,,,,,,,,,,,
2015-02-26,5454,USW00094789,"JFK INTERNATIONAL AIRPORT, NY US",40.63915,-73.7639,2.7,12.75,",,W",0.0,"T,,W,2400",0.0,"T,,W,",2.0,",,W,",28.0,"H,,S",32.0,",,W",23.0,",,W",20.0,",,W",30.0,",,W",23.0,",,W",28.0,",,W",,,,,,,,,,,,,,,,,,,,
2015-02-27,6038,USW00094789,"JFK INTERNATIONAL AIRPORT, NY US",40.63915,-73.7639,2.7,10.29,",,W",0.0,",,W,2400",0.0,",,W,",2.0,",,W,",25.0,"H,,S",32.0,",,W",20.0,",,W",340.0,",,W",230.0,",,W",18.1,",,W",25.1,",,W",,,,,,,,,,,,,,,,,,,,
2015-02-28,6368,USW00094789,"JFK INTERNATIONAL AIRPORT, NY US",40.63915,-73.7639,2.7,8.28,",,W",0.0,",,W,2400",0.0,",,W,",1.2,",,W,",23.0,"H,,S",31.0,",,W",15.0,",,W",330.0,",,W",330.0,",,W",19.9,",,W",23.0,",,W",,,,,,,,,,,,,,,,,,,,
2015-03-01,5606,USW00094789,"JFK INTERNATIONAL AIRPORT, NY US",40.63915,-73.7639,2.7,4.7,",,W",0.51,",,W,2400",3.1,",,W,",1.2,",,W,",26.0,"H,,S",33.0,",,W",20.0,",,W",210.0,",,W",190.0,",,W",18.1,",,W",23.0,",,W",1.0,",,W",,,,,1.0,",,W",,,1.0,",,W",,,,,,,,
2015-03-02,5061,USW00094789,"JFK INTERNATIONAL AIRPORT, NY US",40.63915,-73.7639,2.7,15.21,",,W",0.0,"T,,W,2400",0.0,"T,,W,",3.9,",,W,",33.0,"H,,S",39.0,",,W",28.0,",,W",310.0,",,W",320.0,",,W",30.0,",,W",38.9,",,W",1.0,",,W",,,,,,,,,,,1.0,",,W",,,,,,
2015-03-03,5212,USW00094789,"JFK INTERNATIONAL AIRPORT, NY US",40.63915,-73.7639,2.7,8.95,",,W",0.7,",,W,2400",1.2,",,W,",3.1,",,W,",29.0,"H,,S",36.0,",,W",19.0,",,W",200.0,",,W",180.0,",,W",17.0,",,W",21.0,",,W",1.0,",,W",,,,,1.0,",,W",,,,,,,,,,,,
2015-03-04,5265,USW00094789,"JFK INTERNATIONAL AIRPORT, NY US",40.63915,-73.7639,2.7,10.96,",,W",0.3,",,W,2400",0.0,",,W,",3.1,",,W,",37.0,"H,,S",41.0,",,W",33.0,",,W",240.0,",,W",240.0,",,W",18.1,",,W",23.0,",,W",1.0,",,W",,,,,,,,,,,,,,,,,,
2015-03-05,5280,USW00094789,"JFK INTERNATIONAL AIRPORT, NY US",40.63915,-73.7639,2.7,13.2,",,W",0.73,",,W,2400",5.8,",,W,",1.2,",,W,",33.0,"H,,S",41.0,",,W",21.0,",,W",330.0,",,W",320.0,",,W",23.9,",,W",29.1,",,W",1.0,",,W",1.0,",,W",,,1.0,",,W",,,,,1.0,",,W",,,,,,
2015-03-06,5719,USW00094789,"JFK INTERNATIONAL AIRPORT, NY US",40.63915,-73.7639,2.7,9.62,",,W",0.0,",,W,2400",0.0,",,W,",7.1,",,W,",20.0,"H,,S",25.0,",,W",13.0,",,W",340.0,",,W",340.0,",,W",23.9,",,W",29.1,",,W",,,,,,,,,,,,,1.0,",,W",,,,,,
2015-03-07,6042,USW00094789,"JFK INTERNATIONAL AIRPORT, NY US",40.63915,-73.7639,2.7,11.86,",,W",0.0,",,W,2400",0.0,",,W,",5.9,",,W,",26.0,"H,,S",37.0,",,W",16.0,",,W",250.0,",,W",240.0,",,W",23.0,",,W",25.9,",,W",,,,,,,,,,,,,,,,,,,,
2015-03-08,5315,USW00094789,"JFK INTERNATIONAL AIRPORT, NY US",40.63915,-73.7639,2.7,9.84,",,W",0.0,"T,,W,2400",0.0,"T,,W,",3.9,",,W,",39.0,"H,,S",48.0,",,W",30.0,",,W",270.0,",,W",270.0,",,W",28.0,",,W",35.1,",,W",,,,,,,,,,,,,,,,,,,,
2015-03-09,4831,USW00094789,"JFK INTERNATIONAL AIRPORT, NY US",40.63915,-73.7639,2.7,8.5,",,W",0.02,",,W,2400",0.0,",,W,",2.0,",,W,",42.0,"H,,S",54.0,",,W",32.0,",,W",270.0,",,W",270.0,",,W",17.0,",,W",21.9,",,W",,,,,,,,,,,,,,,,,,,,
2015-03-10,5175,USW00094789,"JFK INTERNATIONAL AIRPORT, NY US",40.63915,-73.7639,2.7,3.13,",,W",0.49,",,W,2400",0.0,",,W,",1.2,",,W,",42.0,"H,,S",50.0,",,W",34.0,",,W",150.0,",,W",150.0,",,W",12.1,",,W",15.0,",,W",1.0,",,W",,,,,,,,,,,,,,,,,,
2015-03-11,4963,USW00094789,"JFK INTERNATIONAL AIRPORT, NY US",40.63915,-73.7639,2.7,11.63,",,W",0.02,",,W,2400",0.0,",,W,",0.0,",,W,",49.0,"H,,S",62.0,",,W",40.0,",,W",300.0,",,W",300.0,",,W",23.9,",,W",31.1,",,W",1.0,",,W",,,,,,,,,,,,,,,,,,
2015-03-12,5339,USW00094789,"JFK INTERNATIONAL AIRPORT, NY US",40.63915,-73.7639,2.7,19.69,",,W",0.0,",,W,2400",0.0,",,W,",0.0,",,W,",47.0,"H,,S",50.0,",,W",36.0,",,W",320.0,",,W",310.0,",,W",40.9,",,W",48.1,",,W",,,,,,,,,,,,,,,,,,,,
2015-03-13,5857,USW00094789,"JFK INTERNATIONAL AIRPORT, NY US",40.63915,-73.7639,2.7,8.05,",,W",0.0,",,W,2400",0.0,",,W,",0.0,",,W,",37.0,"H,,S",41.0,",,W",30.0,",,W",170.0,",,W",160.0,",,W",16.1,",,W",19.9,",,W",,,,,,,,,,,,,,,,,,,,
2015-03-14,6405,USW00094789,"JFK INTERNATIONAL AIRPORT, NY US",40.63915,-73.7639,2.7,8.95,",,W",1.11,",,W,2400",0.0,",,W,",0.0,",,W,",43.0,"H,,S",49.0,",,W",39.0,",,W",160.0,",,W",160.0,",,W",21.9,",,W",28.0,",,W",1.0,",,W",1.0,",,W",,,,,,,,,,,,,,,,
2015-03-15,5380,USW00094789,"JFK INTERNATIONAL AIRPORT, NY US",40.63915,-73.7639,2.7,20.13,",,W",0.0,",,W,2400",0.0,",,W,",0.0,",,W,",45.0,"H,,S",46.0,",,W",37.0,",,W",310.0,",,W",300.0,",,W",38.0,",,W",51.0,",,W",,,,,,,,,,,,,,,,,,,,
2015-03-16,4872,USW00094789,"JFK INTERNATIONAL AIRPORT, NY US",40.63915,-73.7639,2.7,8.72,",,W",0.0,",,W,2400",0.0,",,W,",0.0,",,W,",41.0,"H,,S",50.0,",,W",36.0,",,W",310.0,",,W",310.0,",,W",23.9,",,W",29.1,",,W",,,,,,,,,,,,,,,,,,,,
2015-03-17,5172,USW00094789,"JFK INTERNATIONAL AIRPORT, NY US",40.63915,-73.7639,2.7,18.34,",,W",0.02,",,W,2400",0.0,",,W,",0.0,",,W,",47.0,"H,,S",60.0,",,W",34.0,",,W",300.0,",,W",320.0,",,W",42.9,",,W",53.0,",,W",,,,,,,,,,,,,,,,,,,,
2015-03-18,5291,USW00094789,"JFK INTERNATIONAL AIRPORT, NY US",40.63915,-73.7639,2.7,18.79,",,W",0.0,"T,,W,2400",0.0,"T,,W,",0.0,",,W,",35.0,"H,,S",41.0,",,W",30.0,",,W",310.0,",,W",320.0,",,W",36.0,",,W",44.1,",,W",,,,,,,,,,,,,,,,,,,,
2015-03-19,5410,USW00094789,"JFK INTERNATIONAL AIRPORT, NY US",40.63915,-73.7639,2.7,11.86,",,W",0.0,",,W,2400",0.0,",,W,",0.0,",,W,",35.0,"H,,S",44.0,",,W",30.0,",,W",310.0,",,W",310.0,",,W",25.1,",,W",30.0,",,W",,,,,,,,,,,,,,,,,,,,
2015-03-20,6115,USW00094789,"JFK INTERNATIONAL AIRPORT, NY US",40.63915,-73.7639,2.7,10.29,",,W",0.33,",,W,2400",3.0,",,W,",0.0,",,W,",35.0,"H,,S",40.0,",,W",31.0,",,W",40.0,",,W",60.0,",,W",17.0,",,W",21.0,",,W",1.0,",,W",,,,,,,,,,,,,,,,,,
2015-03-21,5955,USW00094789,"JFK INTERNATIONAL AIRPORT, NY US",40.63915,-73.7639,2.7,9.17,",,W",0.02,",,W,2400",0.0,"T,,W,",3.1,",,W,",35.0,"H,,S",48.0,",,W",30.0,",,W",310.0,",,W",310.0,",,W",19.9,",,W",23.9,",,W",1.0,",,W",,,,,,,,,,,,,,,,,,
2015-03-22,5697,USW00094789,"JFK INTERNATIONAL AIRPORT, NY US",40.63915,-73.7639,2.7,17.22,",,W",0.0,",,W,2400",0.0,",,W,",0.0,",,W,",41.0,"H,,S",45.0,",,W",28.0,",,W",330.0,",,W",330.0,",,W",25.9,",,W",35.1,",,W",,,,,,,,,,,,,,,,,,,,
2015-03-23,5219,USW00094789,"JFK INTERNATIONAL AIRPORT, NY US",40.63915,-73.7639,2.7,15.43,",,W",0.0,",,W,2400",0.0,",,W,",0.0,",,W,",32.0,"H,,S",41.0,",,W",24.0,",,W",300.0,",,W",340.0,",,W",23.9,",,W",32.0,",,W",,,,,,,,,,,,,,,,,,,,
2015-03-24,5241,USW00094789,"JFK INTERNATIONAL AIRPORT, NY US",40.63915,-73.7639,2.7,8.5,",,W",0.0,",,W,2400",0.0,",,W,",0.0,",,W,",34.0,"H,,S",43.0,",,W",26.0,",,W",350.0,",,W",350.0,",,W",16.1,",,W",19.9,",,W",,,,,,,,,,,,,,,,,,,,
2015-03-25,5486,USW00094789,"JFK INTERNATIONAL AIRPORT, NY US",40.63915,-73.7639,2.7,5.59,",,W",0.12,",,W,2400",0.0,",,W,",0.0,",,W,",37.0,"H,,S",46.0,",,W",30.0,",,W",170.0,",,W",180.0,",,W",17.0,",,W",21.9,",,W",1.0,",,W",,,,,,,,,,,,,,,,,,
2015-03-26,5487,USW00094789,"JFK INTERNATIONAL AIRPORT, NY US",40.63915,-73.7639,2.7,9.4,",,W",0.25,",,W,2400",0.0,",,W,",0.0,",,W,",45.0,"H,,S",54.0,",,W",41.0,",,W",180.0,",,W",190.0,",,W",28.0,",,W",36.9,",,W",1.0,",,W",1.0,",,W",,,,,,,,,,,,,,,,
2015-03-27,6039,USW00094789,"JFK INTERNATIONAL AIRPORT, NY US",40.63915,-73.7639,2.7,10.96,",,W",0.23,",,W,2400",0.0,",,W,",0.0,",,W,",45.0,"H,,S",47.0,",,W",41.0,",,W",350.0,",,W",330.0,",,W",18.1,",,W",23.0,",,W",,,,,,,,,,,,,,,,,,,,
2015-03-28,6470,USW00094789,"JFK INTERNATIONAL AIRPORT, NY US",40.63915,-73.7639,2.7,17.45,",,W",0.0,"T,,W,2400",0.0,"T,,W,",0.0,",,W,",39.0,"H,,S",42.0,",,W",28.0,",,W",330.0,",,W",330.0,",,W",23.9,",,W",30.0,",,W",,,,,,,,,,,,,,,,,,,,
2015-03-29,5803,USW00094789,"JFK INTERNATIONAL AIRPORT, NY US",40.63915,-73.7639,2.7,13.65,",,W",0.0,",,W,2400",0.0,"T,,W,",0.0,",,W,",34.0,"H,,S",46.0,",,W",27.0,",,W",330.0,",,W",350.0,",,W",21.0,",,W",25.9,",,W",,,,,,,,,,,,,,,,,,,,
2015-03-30,5320,USW00094789,"JFK INTERNATIONAL AIRPORT, NY US",40.63915,-73.7639,2.7,14.99,",,W",0.0,"T,,W,2400",0.0,"T,,W,",0.0,",,W,",42.0,"H,,S",58.0,",,W",36.0,",,W",320.0,",,W",310.0,",,W",28.0,",,W",32.0,",,W",,,,,,,,,,,,,,,,,,,,
2015-03-31,5645,USW00094789,"JFK INTERNATIONAL AIRPORT, NY US",40.63915,-73.7639,2.7,11.86,",,W",0.03,",,W,2400",0.0,",,W,",0.0,",,W,",44.0,"H,,S",48.0,",,W",37.0,",,W",300.0,",,W",290.0,",,W",19.9,",,W",25.1,",,W",,,,,,,,,,,,,,,,,,,,
2015-04-01,4723,USW00094789,"JFK INTERNATIONAL AIRPORT, NY US",40.63915,-73.7639,2.7,11.41,",,W",0.0,",,W,2400",0.0,",,W,",0.0,",,W,",42.0,"H,,S",53.0,",,W",34.0,",,W",320.0,",,W",300.0,",,W",21.0,",,W",29.1,",,W",,,,,,,,,,,,,,,,,,,,
2015-04-02,4920,USW00094789,"JFK INTERNATIONAL AIRPORT, NY US",40.63915,-73.7639,2.7,14.32,",,W",0.0,"T,,W,2400",0.0,",,W,",0.0,",,W,",46.0,"H,,S",57.0,",,W",33.0,",,W",190.0,",,W",190.0,",,W",33.1,",,W",42.9,",,W",,,,,,,,,,,,,,,,,,,,
2015-04-03,5252,USW00094789,"JFK INTERNATIONAL AIRPORT, NY US",40.63915,-73.7639,2.7,7.61,",,W",0.11,",,W,2400",0.0,",,W,",0.0,",,W,",50.0,"H,,S",59.0,",,W",46.0,",,W",190.0,",,W",190.0,",,W",16.1,",,W",18.1,",,W",1.0,",,W",1.0,",,W",,,,,,,,,,,,,,,,
2015-04-04,5152,USW00094789,"JFK INTERNATIONAL AIRPORT, NY US",40.63915,-73.7639,2.7,20.8,",,W",0.0,"T,,W,2400",0.0,",,W,",0.0,",,W,",51.0,"H,,S",56.0,",,W",44.0,",,W",300.0,",,W",320.0,",,W",38.0,",,W",47.0,",,W",1.0,",,W",1.0,",,W",,,,,,,,,,,,,,,,
2015-04-05,4873,USW00094789,"JFK INTERNATIONAL AIRPORT, NY US",40.63915,-73.7639,2.7,12.97,",,W",0.0,",,W,2400",0.0,",,W,",0.0,",,W,",50.0,"H,,S",65.0,",,W",38.0,",,W",260.0,",,W",250.0,",,W",32.0,",,W",40.0,",,W",,,,,,,,,,,,,,,,,,,,
2015-04-06,4499,USW00094789,"JFK INTERNATIONAL AIRPORT, NY US",40.63915,-73.7639,2.7,10.51,",,W",0.0,",,W,2400",0.0,",,W,",0.0,",,W,",49.0,"H,,S",60.0,",,W",39.0,",,W",190.0,",,W",190.0,",,W",25.9,",,W",32.0,",,W",,,,,,,,,,,,,,,,,,,,
2015-04-07,4704,USW00094789,"JFK INTERNATIONAL AIRPORT, NY US",40.63915,-73.7639,2.7,8.5,",,W",0.03,",,W,2400",0.0,",,W,",0.0,",,W,",51.0,"H,,S",57.0,",,W",44.0,",,W",40.0,",,W",40.0,",,W",21.0,",,W",23.9,",,W",,,,,,,,,,,,,,,,,,,,
2015-04-08,4705,USW00094789,"JFK INTERNATIONAL AIRPORT, NY US",40.63915,-73.7639,2.7,14.54,",,W",0.01,",,W,2400",0.0,",,W,",0.0,",,W,",45.0,"H,,S",49.0,",,W",36.0,",,W",70.0,",,W",70.0,",,W",23.9,",,W",30.0,",,W",1.0,",,W",,,,,,,,,,,1.0,",,W",,,,,,
2015-04-09,4950,USW00094789,"JFK INTERNATIONAL AIRPORT, NY US",40.63915,-73.7639,2.7,11.41,",,W",0.0,"T,,W,2400",0.0,",,W,",0.0,",,W,",40.0,"H,,S",44.0,",,W",38.0,",,W",40.0,",,W",40.0,",,W",19.9,",,W",25.1,",,W",1.0,",,W",,,,,,,,,,,,,,,,,,
2015-04-10,5267,USW00094789,"JFK INTERNATIONAL AIRPORT, NY US",40.63915,-73.7639,2.7,8.28,",,W",0.19,",,W,2400",0.0,",,W,",0.0,",,W,",44.0,"H,,S",58.0,",,W",40.0,",,W",100.0,",,W",100.0,",,W",21.9,",,W",25.1,",,W",1.0,",,W",1.0,",,W",,,,,,,,,1.0,",,W",,,,,,
2015-04-11,5641,USW00094789,"JFK INTERNATIONAL AIRPORT, NY US",40.63915,-73.7639,2.7,16.78,",,W",0.0,",,W,2400",0.0,",,W,",0.0,",,W,",56.0,"H,,S",61.0,",,W",45.0,",,W",320.0,",,W",310.0,",,W",25.9,",,W",36.0,",,W",,,,,,,,,,,,,,,,,,,,
2015-04-12,5034,USW00094789,"JFK INTERNATIONAL AIRPORT, NY US",40.63915,-73.7639,2.7,8.95,",,W",0.0,",,W,2400",0.0,",,W,",0.0,",,W,",51.0,"H,,S",61.0,",,W",43.0,",,W",180.0,",,W",170.0,",,W",18.1,",,W",23.0,",,W",,,,,,,,,,,,,,,,,,,,
2015-04-13,4488,USW00094789,"JFK INTERNATIONAL AIRPORT, NY US",40.63915,-73.7639,2.7,14.32,",,W",0.0,",,W,2400",0.0,",,W,",0.0,",,W,",51.0,"H,,S",62.0,",,W",43.0,",,W",180.0,",,W",180.0,",,W",29.1,",,W",38.0,",,W",,,,,,,,,,,,,,,,,,,,
2015-04-14,4537,USW00094789,"JFK INTERNATIONAL AIRPORT, NY US",40.63915,-73.7639,2.7,5.82,",,W",0.04,",,W,2400",0.0,",,W,",0.0,",,W,",56.0,"H,,S",66.0,",,W",50.0,",,W",360.0,",,W",190.0,",,W",16.1,",,W",21.9,",,W",,,,,,,,,,,,,,,,,,,,
2015-04-15,4699,USW00094789,"JFK INTERNATIONAL AIRPORT, NY US",40.63915,-73.7639,2.7,12.08,",,W",0.0,",,W,2400",0.0,",,W,",0.0,",,W,",60.0,"H,,S",72.0,",,W",50.0,",,W",350.0,",,W",350.0,",,W",25.9,",,W",35.1,",,W",,,,,,,,,,,,,,,,,,,,
2015-04-16,4985,USW00094789,"JFK INTERNATIONAL AIRPORT, NY US",40.63915,-73.7639,2.7,10.96,",,W",0.0,",,W,2400",0.0,",,W,",0.0,",,W,",57.0,"H,,S",60.0,",,W",48.0,",,W",120.0,",,W",100.0,",,W",19.9,",,W",23.9,",,W",,,,,,,,,,,,,,,,,,,,
2015-04-17,5343,USW00094789,"JFK INTERNATIONAL AIRPORT, NY US",40.63915,-73.7639,2.7,9.84,",,W",0.11,",,W,2400",0.0,",,W,",0.0,",,W,",56.0,"H,,S",69.0,",,W",52.0,",,W",200.0,",,W",200.0,",,W",21.0,",,W",25.1,",,W",1.0,",,W",,,,,,,,,,,,,,,,,,
2015-04-18,5982,USW00094789,"JFK INTERNATIONAL AIRPORT, NY US",40.63915,-73.7639,2.7,9.17,",,W",0.0,",,W,2400",0.0,",,W,",0.0,",,W,",62.0,"H,,S",73.0,",,W",51.0,",,W",190.0,",,W",190.0,",,W",25.9,",,W",32.0,",,W",,,,,,,,,,,,,,,,,,,,
2015-04-19,5525,USW00094789,"JFK INTERNATIONAL AIRPORT, NY US",40.63915,-73.7639,2.7,12.08,",,W",0.0,",,W,2400",0.0,",,W,",0.0,",,W,",56.0,"H,,S",62.0,",,W",47.0,",,W",120.0,",,W",130.0,",,W",21.9,",,W",25.1,",,W",,,,,,,,,,,,,,,,,,,,
2015-04-20,5248,USW00094789,"JFK INTERNATIONAL AIRPORT, NY US",40.63915,-73.7639,2.7,15.66,",,W",0.87,",,W,2400",0.0,",,W,",0.0,",,W,",51.0,"H,,S",58.0,",,W",47.0,",,W",100.0,",,W",100.0,",,W",36.9,",,W",48.1,",,W",1.0,",,W",1.0,",,W",1.0,",,W",,,,,,,,,,,,,,
2015-04-21,4866,USW00094789,"JFK INTERNATIONAL AIRPORT, NY US",40.63915,-73.7639,2.7,12.08,",,W",0.06,",,W,2400",0.0,",,W,",0.0,",,W,",58.0,"H,,S",67.0,",,W",50.0,",,W",270.0,",,W",270.0,",,W",23.9,",,W",30.0,",,W",1.0,",,W",,,1.0,",,W",,,,,,,,,,,,,,
2015-04-22,5105,USW00094789,"JFK INTERNATIONAL AIRPORT, NY US",40.63915,-73.7639,2.7,13.87,",,W",0.19,",,W,2400",0.0,",,W,",0.0,",,W,",55.0,"H,,S",63.0,",,W",46.0,",,W",240.0,",,W",240.0,",,W",36.0,",,W",47.0,",,W",,,,,1.0,",,W",,,,,,,,,,,,,,
2015-04-23,5342,USW00094789,"JFK INTERNATIONAL AIRPORT, NY US",40.63915,-73.7639,2.7,18.79,",,W",0.0,"T,,W,2400",0.0,",,W,",0.0,",,W,",48.0,"H,,S",54.0,",,W",42.0,",,W",270.0,",,W",270.0,",,W",29.1,",,W",36.9,",,W",,,,,,,,,,,,,,,,,,,,
2015-04-24,5758,USW00094789,"JFK INTERNATIONAL AIRPORT, NY US",40.63915,-73.7639,2.7,21.7,",,W",0.0,",,W,2400",0.0,",,W,",0.0,",,W,",44.0,"H,,S",52.0,",,W",39.0,",,W",350.0,",,W",330.0,",,W",30.0,",,W",38.9,",,W",,,,,,,,,,,,,,,,,,,,
2015-04-25,6325,USW00094789,"JFK INTERNATIONAL AIRPORT, NY US",40.63915,-73.7639,2.7,10.74,",,W",0.0,",,W,2400",0.0,",,W,",0.0,",,W,",46.0,"H,,S",59.0,",,W",39.0,",,W",180.0,",,W",340.0,",,W",19.9,",,W",25.9,",,W",,,,,,,,,,,,,,,,,,,,
2015-04-26,5835,USW00094789,"JFK INTERNATIONAL AIRPORT, NY US",40.63915,-73.7639,2.7,10.51,",,W",0.0,",,W,2400",0.0,",,W,",0.0,",,W,",51.0,"H,,S",59.0,",,W",43.0,",,W",190.0,",,W",320.0,",,W",17.0,",,W",21.9,",,W",,,,,,,,,,,,,,,,,,,,
2015-04-27,4774,USW00094789,"JFK INTERNATIONAL AIRPORT, NY US",40.63915,-73.7639,2.7,14.76,",,W",0.0,",,W,2400",0.0,",,W,",0.0,",,W,",55.0,"H,,S",63.0,",,W",49.0,",,W",330.0,",,W",330.0,",,W",23.9,",,W",30.0,",,W",,,,,,,,,,,,,,,,,,,,
2015-04-28,4913,USW00094789,"JFK INTERNATIONAL AIRPORT, NY US",40.63915,-73.7639,2.7,13.65,",,W",0.0,",,W,2400",0.0,",,W,",0.0,",,W,",58.0,"H,,S",71.0,",,W",51.0,",,W",340.0,",,W",360.0,",,W",23.9,",,W",31.1,",,W",,,,,,,,,,,,,,,,,,,,
2015-04-29,4941,USW00094789,"JFK INTERNATIONAL AIRPORT, NY US",40.63915,-73.7639,2.7,11.86,",,W",0.0,",,W,2400",0.0,",,W,",0.0,",,W,",63.0,"H,,S",77.0,",,W",50.0,",,W",310.0,",,W",300.0,",,W",18.1,",,W",23.9,",,W",,,,,,,,,,,,,,,,,,,,
2015-04-30,5112,USW00094789,"JFK INTERNATIONAL AIRPORT, NY US",40.63915,-73.7639,2.7,12.53,",,W",0.0,",,W,2400",0.0,",,W,",0.0,",,W,",55.0,"H,,S",63.0,",,W",48.0,",,W",100.0,",,W",110.0,",,W",23.0,",,W",28.0,",,W",,,,,,,,,,,,,,,,,,,,
2015-05-01,6182,USW00094789,"JFK INTERNATIONAL AIRPORT, NY US",40.63915,-73.7639,2.7,8.05,",,W",0.0,",,W,2400",0.0,",,W,",0.0,",,W,",51.0,"H,,S",56.0,",,W",47.0,",,W",130.0,",,W",160.0,",,W",17.0,",,W",19.9,",,W",,,,,,,,,,,,,,,,,,,,
2015-05-02,6927,USW00094789,"JFK INTERNATIONAL AIRPORT, NY US",40.63915,-73.7639,2.7,6.93,",,W",0.0,",,W,2400",0.0,",,W,",0.0,",,W,",51.0,"H,,S",61.0,",,W",43.0,",,W",140.0,",,W",,,16.1,",,W",,,,,,,,,,,,,,,,,,,,,,
2015-05-03,6142,USW00094789,"JFK INTERNATIONAL AIRPORT, NY US",40.63915,-73.7639,2.7,7.61,",,W",0.0,",,W,2400",0.0,",,W,",0.0,",,W,",55.0,"H,,S",67.0,",,W",46.0,",,W",190.0,",,W",200.0,",,W",18.1,",,W",21.9,",,W",,,,,,,,,,,,,,,,,,,,
2015-05-04,5245,USW00094789,"JFK INTERNATIONAL AIRPORT, NY US",40.63915,-73.7639,2.7,10.07,",,W",0.0,",,W,2400",0.0,",,W,",0.0,",,W,",61.0,"H,,S",74.0,",,W",50.0,",,W",190.0,",,W",190.0,",,W",28.0,",,W",33.1,",,W",,,,,,,,,,,,,,,,,,,,
2015-05-05,5363,USW00094789,"JFK INTERNATIONAL AIRPORT, NY US",40.63915,-73.7639,2.7,5.37,",,W",0.0,",,W,2400",0.0,",,W,",0.0,",,W,",67.0,"H,,S",82.0,",,W",55.0,",,W",180.0,",,W",170.0,",,W",13.0,",,W",16.1,",,W",,,,,,,,,,,,,,,,,,,,
2015-05-06,5600,USW00094789,"JFK INTERNATIONAL AIRPORT, NY US",40.63915,-73.7639,2.7,7.61,",,W",0.0,"T,,W,2400",0.0,",,W,",0.0,",,W,",65.0,"H,,S",70.0,",,W",54.0,",,W",40.0,",,W",40.0,",,W",17.0,",,W",21.9,",,W",,,,,,,,,,,,,,,,,,,,
2015-05-07,5555,USW00094789,"JFK INTERNATIONAL AIRPORT, NY US",40.63915,-73.7639,2.7,6.26,",,W",0.0,",,W,2400",0.0,",,W,",0.0,",,W,",62.0,"H,,S",72.0,",,W",51.0,",,W",190.0,",,W",180.0,",,W",13.0,",,W",15.0,",,W",1.0,",,W",1.0,",,W",,,,,,,,,1.0,",,W",,,,,,
2015-05-08,5906,USW00094789,"JFK INTERNATIONAL AIRPORT, NY US",40.63915,-73.7639,2.7,5.82,",,W",0.0,",,W,2400",0.0,",,W,",0.0,",,W,",60.0,"H,,S",72.0,",,W",53.0,",,W",170.0,",,W",180.0,",,W",13.0,",,W",16.1,",,W",1.0,",,W",1.0,",,W",,,,,,,,,,,,,,,,
2015-05-09,6498,USW00094789,"JFK INTERNATIONAL AIRPORT, NY US",40.63915,-73.7639,2.7,6.26,",,W",0.02,",,W,2400",0.0,",,W,",0.0,",,W,",61.0,"H,,S",64.0,",,W",58.0,",,W",80.0,",,W",90.0,",,W",14.1,",,W",16.1,",,W",1.0,",,W",1.0,",,W",,,,,,,,,1.0,",,W",,,,,,
2015-05-10,5892,USW00094789,"JFK INTERNATIONAL AIRPORT, NY US",40.63915,-73.7639,2.7,9.62,",,W",0.0,",,W,2400",0.0,",,W,",0.0,",,W,",64.0,"H,,S",74.0,",,W",58.0,",,W",190.0,",,W",190.0,",,W",21.9,",,W",25.9,",,W",1.0,",,W",1.0,",,W",,,,,,,,,1.0,",,W",,,,,,
2015-05-11,5338,USW00094789,"JFK INTERNATIONAL AIRPORT, NY US",40.63915,-73.7639,2.7,9.4,",,W",0.0,",,W,2400",0.0,",,W,",0.0,",,W,",68.0,"H,,S",77.0,",,W",62.0,",,W",180.0,",,W",180.0,",,W",25.9,",,W",33.1,",,W",1.0,",,W",1.0,",,W",,,,,,,,,,,,,,,,
2015-05-12,5353,USW00094789,"JFK INTERNATIONAL AIRPORT, NY US",40.63915,-73.7639,2.7,12.75,",,W",0.01,",,W,2400",0.0,",,W,",0.0,",,W,",73.0,"H,,S",87.0,",,W",65.0,",,W",290.0,",,W",310.0,",,W",30.0,",,W",38.0,",,W",1.0,",,W",1.0,",,W",,,,,,,,,1.0,",,W",,,,,,
2015-05-13,5496,USW00094789,"JFK INTERNATIONAL AIRPORT, NY US",40.63915,-73.7639,2.7,16.55,",,W",0.0,",,W,2400",0.0,",,W,",0.0,",,W,",67.0,"H,,S",73.0,",,W",55.0,",,W",320.0,",,W",310.0,",,W",29.1,",,W",40.0,",,W",,,,,,,,,,,,,,,,,,,,
2015-05-14,5692,USW00094789,"JFK INTERNATIONAL AIRPORT, NY US",40.63915,-73.7639,2.7,11.63,",,W",0.0,",,W,2400",0.0,",,W,",0.0,",,W,",60.0,"H,,S",71.0,",,W",51.0,",,W",190.0,",,W",230.0,",,W",17.0,",,W",21.9,",,W",,,,,,,,,,,,,,,,,,,,
2015-05-15,6248,USW00094789,"JFK INTERNATIONAL AIRPORT, NY US",40.63915,-73.7639,2.7,11.41,",,W",0.0,"T,,W,2400",0.0,",,W,",0.0,",,W,",61.0,"H,,S",71.0,",,W",53.0,",,W",180.0,",,W",180.0,",,W",21.9,",,W",25.1,",,W",,,,,,,,,,,,,,,,,,,,
2015-05-16,7157,USW00094789,"JFK INTERNATIONAL AIRPORT, NY US",40.63915,-73.7639,2.7,5.14,",,W",0.41,",,W,2400",0.0,",,W,",0.0,",,W,",62.0,"H,,S",70.0,",,W",58.0,",,W",170.0,",,W",160.0,",,W",10.1,",,W",13.0,",,W",1.0,",,W",,,1.0,",,W",,,,,,,1.0,",,W",,,,,,
2015-05-17,6348,USW00094789,"JFK INTERNATIONAL AIRPORT, NY US",40.63915,-73.7639,2.7,6.49,",,W",0.0,"T,,W,2400",0.0,",,W,",0.0,",,W,",69.0,"H,,S",81.0,",,W",61.0,",,W",180.0,",,W",200.0,",,W",13.0,",,W",15.0,",,W",1.0,",,W",1.0,",,W",,,,,,,,,1.0,",,W",,,,,,
2015-05-18,5615,USW00094789,"JFK INTERNATIONAL AIRPORT, NY US",40.63915,-73.7639,2.7,9.62,",,W",0.0,",,W,2400",0.0,",,W,",0.0,",,W,",63.0,"H,,S",68.0,",,W",57.0,",,W",80.0,",,W",100.0,",,W",21.0,",,W",23.0,",,W",1.0,",,W",,,,,,,,,,,1.0,",,W",,,,,,
2015-05-19,5770,USW00094789,"JFK INTERNATIONAL AIRPORT, NY US",40.63915,-73.7639,2.7,5.59,",,W",0.0,"T,,W,2400",0.0,",,W,",0.0,",,W,",62.0,"H,,S",75.0,",,W",57.0,",,W",340.0,",,W",340.0,",,W",23.0,",,W",30.0,",,W",1.0,",,W",1.0,",,W",,,,,,,,,1.0,",,W",,,,,,
2015-05-20,5837,USW00094789,"JFK INTERNATIONAL AIRPORT, NY US",40.63915,-73.7639,2.7,15.88,",,W",0.0,",,W,2400",0.0,",,W,",0.0,",,W,",63.0,"H,,S",69.0,",,W",54.0,",,W",300.0,",,W",300.0,",,W",25.9,",,W",35.1,",,W",,,,,,,,,,,,,,,,,,,,
2015-05-21,5977,USW00094789,"JFK INTERNATIONAL AIRPORT, NY US",40.63915,-73.7639,2.7,6.26,",,W",0.0,"T,,W,2400",0.0,",,W,",0.0,",,W,",56.0,"H,,S",62.0,",,W",52.0,",,W",200.0,",,W",190.0,",,W",16.1,",,W",21.0,",,W",,,,,,,,,,,,,,,,,,,,
2015-05-22,6214,USW00094789,"JFK INTERNATIONAL AIRPORT, NY US",40.63915,-73.7639,2.7,13.65,",,W",0.0,"T,,W,2400",0.0,",,W,",0.0,",,W,",63.0,"H,,S",79.0,",,W",54.0,",,W",300.0,",,W",300.0,",,W",25.9,",,W",35.1,",,W",,,,,,,,,,,,,,,,,,,,
2015-05-23,5914,USW00094789,"JFK INTERNATIONAL AIRPORT, NY US",40.63915,-73.7639,2.7,14.76,",,W",0.0,",,W,2400",0.0,",,W,",0.0,",,W,",60.0,"H,,S",68.0,",,W",51.0,",,W",330.0,",,W",320.0,",,W",28.0,",,W",36.9,",,W",,,,,,,,,,,,,,,,,,,,
2015-05-24,5588,USW00094789,"JFK INTERNATIONAL AIRPORT, NY US",40.63915,-73.7639,2.7,14.09,",,W",0.0,",,W,2400",0.0,",,W,",0.0,",,W,",62.0,"H,,S",74.0,",,W",53.0,",,W",180.0,",,W",180.0,",,W",23.0,",,W",29.1,",,W",,,,,,,,,,,,,,,,,,,,
2015-05-25,5286,USW00094789,"JFK INTERNATIONAL AIRPORT, NY US",40.63915,-73.7639,2.7,12.75,",,W",0.0,",,W,2400",0.0,",,W,",0.0,",,W,",66.0,"H,,S",77.0,",,W",57.0,",,W",190.0,",,W",190.0,",,W",31.1,",,W",38.9,",,W",,,,,,,,,,,,,,,,,,,,
2015-05-26,5391,USW00094789,"JFK INTERNATIONAL AIRPORT, NY US",40.63915,-73.7639,2.7,12.75,",,W",0.0,",,W,2400",0.0,",,W,",0.0,",,W,",68.0,"H,,S",76.0,",,W",60.0,",,W",190.0,",,W",190.0,",,W",25.9,",,W",35.1,",,W",,,,,,,,,,,,,,,,,,,,
2015-05-27,5644,USW00094789,"JFK INTERNATIONAL AIRPORT, NY US",40.63915,-73.7639,2.7,14.09,",,W",0.0,"T,,W,2400",0.0,",,W,",0.0,",,W,",66.0,"H,,S",74.0,",,W",61.0,",,W",180.0,",,W",180.0,",,W",36.0,",,W",44.1,",,W",,,,,,,,,,,,,,,,,,,,
2015-05-28,5910,USW00094789,"JFK INTERNATIONAL AIRPORT, NY US",40.63915,-73.7639,2.7,7.61,",,W",0.0,",,W,2400",0.0,",,W,",0.0,",,W,",65.0,"H,,S",78.0,",,W",60.0,",,W",180.0,",,W",180.0,",,W",21.0,",,W",25.9,",,W",1.0,",,W",,,,,,,,,,,1.0,",,W",,,,,,
2015-05-29,6171,USW00094789,"JFK INTERNATIONAL AIRPORT, NY US",40.63915,-73.7639,2.7,7.38,",,W",0.0,",,W,2400",0.0,",,W,",0.0,",,W,",71.0,"H,,S",80.0,",,W",63.0,",,W",140.0,",,W",30.0,",,W",14.1,",,W",18.1,",,W",,,,,,,,,,,,,,,,,,,,
2015-05-30,6746,USW00094789,"JFK INTERNATIONAL AIRPORT, NY US",40.63915,-73.7639,2.7,13.87,",,W",0.0,",,W,2400",0.0,",,W,",0.0,",,W,",69.0,"H,,S",78.0,",,W",62.0,",,W",180.0,",,W",180.0,",,W",30.0,",,W",36.9,",,W",1.0,",,W",,,,,,,,,,,1.0,",,W",,,,,,
2015-05-31,6528,USW00094789,"JFK INTERNATIONAL AIRPORT, NY US",40.63915,-73.7639,2.7,10.29,",,W",0.02,",,W,2400",0.0,",,W,",0.0,",,W,",69.0,"H,,S",79.0,",,W",63.0,",,W",180.0,",,W",180.0,",,W",23.9,",,W",30.0,",,W",,,,,1.0,",,W",,,,,,,,,,,,,,
2015-06-01,6034,USW00094789,"JFK INTERNATIONAL AIRPORT, NY US",40.63915,-73.7639,2.7,12.08,",,W",0.78,",,W,2400",0.0,",,W,",0.0,",,W,",62.0,"H,,S",63.0,",,W",52.0,",,W",90.0,",,W",100.0,",,W",19.9,",,W",23.9,",,W",1.0,",,W",,,,,,,,,,,1.0,",,W",,,,,,
2015-06-02,5916,USW00094789,"JFK INTERNATIONAL AIRPORT, NY US",40.63915,-73.7639,2.7,10.07,",,W",0.34,",,W,2400",0.0,",,W,",0.0,",,W,",53.0,"H,,S",56.0,",,W",51.0,",,W",30.0,",,W",30.0,",,W",17.0,",,W",21.0,",,W",1.0,",,W",,,,,,,,,,,,,,,,,,
2015-06-03,5717,USW00094789,"JFK INTERNATIONAL AIRPORT, NY US",40.63915,-73.7639,2.7,8.72,",,W",0.0,"T,,W,2400",0.0,",,W,",0.0,",,W,",58.0,"H,,S",68.0,",,W",53.0,",,W",150.0,",,W",40.0,",,W",15.0,",,W",18.1,",,W",,,,,,,,,,,,,,,,,,,,
2015-06-04,5847,USW00094789,"JFK INTERNATIONAL AIRPORT, NY US",40.63915,-73.7639,2.7,11.41,",,W",0.0,",,W,2400",0.0,",,W,",0.0,",,W,",59.0,"H,,S",67.0,",,W",55.0,",,W",100.0,",,W",110.0,",,W",23.0,",,W",28.0,",,W",,,,,,,,,,,,,,,,,,,,
2015-06-05,6391,USW00094789,"JFK INTERNATIONAL AIRPORT, NY US",40.63915,-73.7639,2.7,5.37,",,W",0.0,"T,,W,2400",0.0,",,W,",0.0,",,W,",60.0,"H,,S",69.0,",,W",57.0,",,W",40.0,",,W",40.0,",,W",13.0,",,W",21.0,",,W",,,,,,,,,,,,,,,,,,,,
2015-06-06,6472,USW00094789,"JFK INTERNATIONAL AIRPORT, NY US",40.63915,-73.7639,2.7,8.95,",,W",0.2,",,W,2400",0.0,",,W,",0.0,",,W,",66.0,"H,,S",79.0,",,W",59.0,",,W",350.0,",,W",350.0,",,W",21.9,",,W",28.0,",,W",1.0,",,W",,,,,,,,,,,,,,,,,,
2015-06-07,6179,USW00094789,"JFK INTERNATIONAL AIRPORT, NY US",40.63915,-73.7639,2.7,8.95,",,W",0.0,",,W,2400",0.0,",,W,",0.0,",,W,",64.0,"H,,S",71.0,",,W",56.0,",,W",180.0,",,W",170.0,",,W",19.9,",,W",25.1,",,W",,,,,,,,,,,,,,,,,,,,
2015-06-08,5383,USW00094789,"JFK INTERNATIONAL AIRPORT, NY US",40.63915,-73.7639,2.7,18.12,",,W",0.02,",,W,2400",0.0,",,W,",0.0,",,W,",66.0,"H,,S",73.0,",,W",61.0,",,W",180.0,",,W",180.0,",,W",31.1,",,W",38.9,",,W",,,,,,,,,,,,,,,,,,,,
2015-06-09,5578,USW00094789,"JFK INTERNATIONAL AIRPORT, NY US",40.63915,-73.7639,2.7,13.65,",,W",0.0,"T,,W,2400",0.0,",,W,",0.0,",,W,",70.0,"H,,S",85.0,",,W",64.0,",,W",270.0,",,W",180.0,",,W",23.9,",,W",30.0,",,W",1.0,",,W",,,,,,,,,,,,,,,,,,
2015-06-10,5680,USW00094789,"JFK INTERNATIONAL AIRPORT, NY US",40.63915,-73.7639,2.7,10.96,",,W",0.0,",,W,2400",0.0,",,W,",0.0,",,W,",74.0,"H,,S",79.0,",,W",65.0,",,W",190.0,",,W",180.0,",,W",23.0,",,W",25.9,",,W",,,,,,,,,,,,,,,,,,,,
2015-06-11,5918,USW00094789,"JFK INTERNATIONAL AIRPORT, NY US",40.63915,-73.7639,2.7,9.62,",,W",0.0,"T,,W,2400",0.0,",,W,",0.0,",,W,",75.0,"H,,S",87.0,",,W",66.0,",,W",230.0,",,W",240.0,",,W",17.0,",,W",21.9,",,W",,,,,,,,,,,,,1.0,",,W",,,,,,
2015-06-12,6239,USW00094789,"JFK INTERNATIONAL AIRPORT, NY US",40.63915,-73.7639,2.7,10.29,",,W",0.0,",,W,2400",0.0,",,W,",0.0,",,W,",78.0,"H,,S",85.0,",,W",71.0,",,W",180.0,",,W",190.0,",,W",25.9,",,W",31.1,",,W",,,,,,,,,,,,,,,,,,,,
2015-06-13,6445,USW00094789,"JFK INTERNATIONAL AIRPORT, NY US",40.63915,-73.7639,2.7,10.74,",,W",0.0,",,W,2400",0.0,",,W,",0.0,",,W,",80.0,"H,,S",88.0,",,W",67.0,",,W",320.0,",,W",320.0,",,W",25.9,",,W",32.0,",,W",,,,,,,,,,,,,,,,,,,,
2015-06-14,6109,USW00094789,"JFK INTERNATIONAL AIRPORT, NY US",40.63915,-73.7639,2.7,8.05,",,W",0.31,",,W,2400",0.0,",,W,",0.0,",,W,",75.0,"H,,S",86.0,",,W",66.0,",,W",230.0,",,W",240.0,",,W",18.1,",,W",23.0,",,W",,,,,,,,,,,,,,,,,,,,
2015-06-15,5682,USW00094789,"JFK INTERNATIONAL AIRPORT, NY US",40.63915,-73.7639,2.7,8.28,",,W",1.09,",,W,2400",0.0,",,W,",0.0,",,W,",72.0,"H,,S",81.0,",,W",66.0,",,W",30.0,",,W",30.0,",,W",15.0,",,W",17.0,",,W",1.0,",,W",,,1.0,",,W",,,,,,,1.0,",,W",,,,,,
2015-06-16,5704,USW00094789,"JFK INTERNATIONAL AIRPORT, NY US",40.63915,-73.7639,2.7,6.71,",,W",0.08,",,W,2400",0.0,",,W,",0.0,",,W,",69.0,"H,,S",79.0,",,W",66.0,",,W",330.0,",,W",330.0,",,W",17.0,",,W",23.0,",,W",1.0,",,W",,,,,,,,,,,1.0,",,W",,,,,,
2015-06-17,5896,USW00094789,"JFK INTERNATIONAL AIRPORT, NY US",40.63915,-73.7639,2.7,9.62,",,W",0.0,",,W,2400",0.0,",,W,",0.0,",,W,",74.0,"H,,S",81.0,",,W",66.0,",,W",150.0,",,W",40.0,",,W",17.0,",,W",23.0,",,W",,,,,,,,,,,,,,,,,,,,
2015-06-18,5908,USW00094789,"JFK INTERNATIONAL AIRPORT, NY US",40.63915,-73.7639,2.7,8.05,",,W",0.0,"T,,W,2400",0.0,",,W,",0.0,",,W,",67.0,"H,,S",71.0,",,W",65.0,",,W",150.0,",,W",150.0,",,W",15.0,",,W",16.1,",,W",,,,,,,,,,,,,,,,,,,,
2015-06-19,6288,USW00094789,"JFK INTERNATIONAL AIRPORT, NY US",40.63915,-73.7639,2.7,6.71,",,W",0.0,"T,,W,2400",0.0,",,W,",0.0,",,W,",74.0,"H,,S",89.0,",,W",67.0,",,W",20.0,",,W",330.0,",,W",16.1,",,W",23.9,",,W",,,,,,,,,,,,,,,,,,,,
2015-06-20,6445,USW00094789,"JFK INTERNATIONAL AIRPORT, NY US",40.63915,-73.7639,2.7,10.51,",,W",0.32,",,W,2400",0.0,",,W,",0.0,",,W,",72.0,"H,,S",75.0,",,W",67.0,",,W",90.0,",,W",100.0,",,W",18.1,",,W",23.0,",,W",1.0,",,W",,,,,,,,,,,1.0,",,W",,,,,,
2015-06-21,6108,USW00094789,"JFK INTERNATIONAL AIRPORT, NY US",40.63915,-73.7639,2.7,12.97,",,W",0.51,",,W,2400",0.0,",,W,",0.0,",,W,",77.0,"H,,S",90.0,",,W",71.0,",,W",310.0,",,W",310.0,",,W",36.9,",,W",45.0,",,W",1.0,",,W",,,,,,,,,,,1.0,",,W",,,,,,
2015-06-22,5514,USW00094789,"JFK INTERNATIONAL AIRPORT, NY US",40.63915,-73.7639,2.7,11.41,",,W",0.0,",,W,2400",0.0,",,W,",0.0,",,W,",82.0,"H,,S",89.0,",,W",74.0,",,W",260.0,",,W",310.0,",,W",19.9,",,W",25.9,",,W",,,,,,,,,,,,,,,,,,,,
2015-06-23,5742,USW00094789,"JFK INTERNATIONAL AIRPORT, NY US",40.63915,-73.7639,2.7,10.96,",,W",0.02,",,W,2400",0.0,",,W,",0.0,",,W,",79.0,"H,,S",89.0,",,W",72.0,",,W",250.0,",,W",250.0,",,W",23.0,",,W",30.0,",,W",,,,,1.0,",,W",,,,,,,,,,,,,,
2015-06-24,5726,USW00094789,"JFK INTERNATIONAL AIRPORT, NY US",40.63915,-73.7639,2.7,10.96,",,W",0.0,",,W,2400",0.0,",,W,",0.0,",,W,",79.0,"H,,S",86.0,",,W",69.0,",,W",290.0,",,W",360.0,",,W",19.9,",,W",32.0,",,W",,,,,,,,,,,,,,,,,,,,
2015-06-25,5823,USW00094789,"JFK INTERNATIONAL AIRPORT, NY US",40.63915,-73.7639,2.7,9.17,",,W",0.0,"T,,W,2400",0.0,",,W,",0.0,",,W,",76.0,"H,,S",82.0,",,W",67.0,",,W",330.0,",,W",60.0,",,W",25.1,",,W",29.1,",,W",,,,,,,,,,,,,,,,,,,,
2015-06-26,6232,USW00094789,"JFK INTERNATIONAL AIRPORT, NY US",40.63915,-73.7639,2.7,6.71,",,W",0.0,",,W,2400",0.0,",,W,",0.0,",,W,",74.0,"H,,S",81.0,",,W",69.0,",,W",110.0,",,W",110.0,",,W",17.0,",,W",21.0,",,W",,,,,,,,,,,,,,,,,,,,
2015-06-27,7207,USW00094789,"JFK INTERNATIONAL AIRPORT, NY US",40.63915,-73.7639,2.7,11.86,",,W",1.02,",,W,2400",0.0,",,W,",0.0,",,W,",68.0,"H,,S",71.0,",,W",62.0,",,W",100.0,",,W",60.0,",,W",18.1,",,W",25.1,",,W",1.0,",,W",,,,,,,,,,,,,,,,,,
2015-06-28,6150,USW00094789,"JFK INTERNATIONAL AIRPORT, NY US",40.63915,-73.7639,2.7,10.29,",,W",0.3,",,W,2400",0.0,",,W,",0.0,",,W,",67.0,"H,,S",76.0,",,W",64.0,",,W",80.0,",,W",110.0,",,W",19.9,",,W",29.1,",,W",1.0,",,W",,,,,,,,,,,,,,,,,,
2015-06-29,5516,USW00094789,"JFK INTERNATIONAL AIRPORT, NY US",40.63915,-73.7639,2.7,12.53,",,W",0.0,",,W,2400",0.0,",,W,",0.0,",,W,",72.0,"H,,S",79.0,",,W",64.0,",,W",270.0,",,W",270.0,",,W",21.9,",,W",25.9,",,W",,,,,,,,,,,,,,,,,,,,
2015-06-30,5668,USW00094789,"JFK INTERNATIONAL AIRPORT, NY US",40.63915,-73.7639,2.7,12.08,",,W",0.0,"T,,W,2400",0.0,",,W,",0.0,",,W,",73.0,"H,,S",81.0,",,W",66.0,",,W",160.0,",,W",,,21.9,",,W",,,,,,,,,,,,,,,,,,,,,,
